-- phpMyAdmin SQL Dump
-- version 5.2.1
-- https://www.phpmyadmin.net/
--
-- Servidor: 127.0.0.1
-- Tiempo de generación: 28-04-2025 a las 17:50:11
-- Versión del servidor: 10.4.32-MariaDB
-- Versión de PHP: 8.1.25

SET SQL_MODE = "NO_AUTO_VALUE_ON_ZERO";
START TRANSACTION;
SET time_zone = "+00:00";


/*!40101 SET @OLD_CHARACTER_SET_CLIENT=@@CHARACTER_SET_CLIENT */;
/*!40101 SET @OLD_CHARACTER_SET_RESULTS=@@CHARACTER_SET_RESULTS */;
/*!40101 SET @OLD_COLLATION_CONNECTION=@@COLLATION_CONNECTION */;
/*!40101 SET NAMES utf8mb4 */;

--
-- Base de datos: `sistema_empresas_nike`
--

-- --------------------------------------------------------

--
-- Estructura de tabla para la tabla `costes_trabajador`
--

CREATE TABLE `costes_trabajador` (
  `id_costo` int(11) NOT NULL,
  `id_empleado` int(11) NOT NULL,
  `fecha_inicio` date NOT NULL,
  `fecha_fin` date NOT NULL,
  `cotizacion_contingencias_comunes` decimal(10,2) DEFAULT NULL,
  `cotizacion_accidentes_trabajo` decimal(10,2) DEFAULT NULL,
  `cotizacion_desempleo_empresa` decimal(10,2) DEFAULT NULL,
  `cotizacion_formacion_empresa` decimal(10,2) DEFAULT NULL,
  `cotizacion_fogasa_empresa` decimal(10,2) DEFAULT NULL,
  `cotizacion_horas_extra` decimal(10,2) DEFAULT NULL,
  `cotizacion_horas_extra_fuerza_mayor` decimal(10,2) DEFAULT NULL,
  `coste_total_trabajador` decimal(10,2) DEFAULT NULL
) ENGINE=InnoDB DEFAULT CHARSET=utf8mb4 COLLATE=utf8mb4_general_ci;

--
-- Volcado de datos para la tabla `costes_trabajador`
--

INSERT INTO `costes_trabajador` (`id_costo`, `id_empleado`, `fecha_inicio`, `fecha_fin`, `cotizacion_contingencias_comunes`, `cotizacion_accidentes_trabajo`, `cotizacion_desempleo_empresa`, `cotizacion_formacion_empresa`, `cotizacion_fogasa_empresa`, `cotizacion_horas_extra`, `cotizacion_horas_extra_fuerza_mayor`, `coste_total_trabajador`) VALUES
(1, 1, '2025-01-01', '2025-01-31', 1253.95, 79.70, 292.23, 31.88, 10.63, 0.00, 0.00, 1668.39),
(2, 1, '2025-02-01', '2025-02-28', 1150.09, 73.85, 270.78, 29.54, 9.85, 11.80, 0.00, 1545.90),
(3, 1, '2025-03-01', '2025-03-31', 1192.98, 75.83, 278.03, 30.33, 10.11, 0.00, 0.00, 1587.27),
(4, 1, '2025-04-01', '2025-04-30', 1230.35, 79.70, 292.23, 31.88, 10.63, 23.60, 0.00, 1668.39),
(5, 1, '2025-05-01', '2025-05-31', 1192.98, 76.58, 280.78, 30.63, 10.21, 11.80, 0.00, 1602.97),
(6, 1, '2025-06-01', '2025-06-30', 1189.05, 77.07, 282.61, 30.83, 10.28, 23.60, 0.00, 1613.44),
(7, 1, '2025-07-01', '2025-07-31', 1175.28, 74.70, 273.90, 29.88, 9.96, 0.00, 0.00, 1563.72),
(8, 1, '2025-08-01', '2025-08-31', 1156.40, 73.50, 269.50, 29.40, 9.80, 0.00, 0.00, 1538.60),
(9, 1, '2025-09-01', '2025-09-30', 1220.51, 77.58, 284.44, 31.03, 10.34, 0.00, 0.00, 1623.90),
(10, 1, '2025-10-01', '2025-10-31', 1195.93, 76.01, 278.71, 30.41, 10.14, 0.00, 0.00, 1591.20),
(11, 1, '2025-11-01', '2025-11-30', 1202.81, 77.58, 284.44, 31.03, 10.34, 17.70, 0.00, 1623.90),
(12, 1, '2025-12-01', '2025-12-31', 1194.16, 75.90, 278.30, 30.36, 10.12, 0.00, 0.00, 1588.84),
(13, 2, '2025-01-01', '2025-01-31', 816.17, 54.12, 198.46, 21.65, 7.22, 35.40, 0.00, 1133.02),
(14, 2, '2025-02-01', '2025-02-28', 780.37, 49.60, 181.87, 19.84, 6.61, 0.00, 0.00, 1038.29),
(15, 2, '2025-03-01', '2025-03-31', 827.97, 52.62, 192.96, 21.05, 7.02, 0.00, 0.00, 1101.62),
(16, 2, '2025-04-01', '2025-04-30', 858.65, 54.57, 200.11, 21.83, 7.28, 0.00, 0.00, 1142.44),
(17, 2, '2025-05-01', '2025-05-31', 816.17, 51.87, 190.21, 20.75, 6.92, 0.00, 0.00, 1085.92),
(18, 2, '2025-06-01', '2025-06-30', 888.15, 57.41, 210.50, 22.96, 7.65, 15.10, 0.00, 1201.78),
(19, 2, '2025-07-01', '2025-07-31', 839.77, 53.37, 195.71, 21.35, 7.12, 0.00, 0.00, 1117.32),
(20, 2, '2025-08-01', '2025-08-31', 816.17, 51.87, 190.21, 20.75, 6.92, 0.00, 0.00, 1085.92),
(21, 2, '2025-09-01', '2025-09-30', 847.40, 54.99, 201.61, 21.99, 7.33, 17.70, 0.00, 1151.02),
(22, 2, '2025-10-01', '2025-10-31', 840.95, 53.45, 195.98, 21.38, 7.13, 0.00, 0.00, 1118.89),
(23, 2, '2025-11-01', '2025-11-30', 827.97, 52.62, 192.96, 21.05, 7.02, 0.00, 0.00, 1101.62),
(24, 2, '2025-12-01', '2025-12-31', 840.95, 53.45, 195.98, 21.38, 7.13, 0.00, 0.00, 1118.89),
(25, 2, '2025-12-01', '2025-12-31', 840.95, 53.45, 195.98, 21.38, 7.13, 0.00, 0.00, 1118.89),
(26, 3, '2025-01-01', '2025-01-31', 791.70, 50.91, 186.65, 20.36, 6.79, 9.20, 0.00, 1065.61),
(27, 3, '2025-02-01', '2025-02-28', 724.05, 46.02, 168.74, 18.41, 6.14, 0.00, 0.00, 963.35),
(28, 3, '2025-03-01', '2025-03-31', 796.97, 50.66, 185.74, 20.26, 6.75, 0.00, 0.00, 1060.38),
(29, 3, '2025-04-01', '2025-04-30', 803.82, 51.09, 187.33, 20.44, 6.81, 0.00, 0.00, 1069.48),
(30, 3, '2025-05-01', '2025-05-31', 797.44, 50.69, 185.85, 20.27, 6.76, 0.00, 0.00, 1061.01),
(31, 3, '2025-06-01', '2025-06-30', 814.75, 51.78, 189.88, 20.71, 6.90, 0.00, 0.00, 1084.03),
(32, 3, '2025-07-01', '2025-07-31', 790.36, 50.24, 184.20, 20.09, 6.70, 0.00, 0.00, 1051.59),
(33, 3, '2025-08-01', '2025-08-31', 743.40, 47.25, 173.25, 18.90, 6.30, 0.00, 0.00, 989.10),
(34, 3, '2025-09-01', '2025-09-30', 789.66, 53.64, 196.68, 21.46, 7.15, 54.28, 0.00, 1122.86),
(35, 3, '2025-10-01', '2025-10-31', 794.85, 50.52, 185.24, 20.21, 6.74, 0.00, 0.00, 1057.55),
(36, 3, '2025-10-01', '2025-10-31', 794.85, 50.52, 185.24, 20.21, 6.74, 0.00, 0.00, 1057.55),
(37, 3, '2025-11-01', '2025-12-31', 787.30, 52.56, 192.72, 21.02, 7.01, 39.65, 0.00, 1100.26),
(38, 3, '2025-11-01', '2025-12-31', 787.30, 52.56, 192.72, 21.02, 7.01, 39.65, 0.00, 1100.26),
(39, 3, '2025-11-01', '2025-12-31', 787.30, 52.56, 192.72, 21.02, 7.01, 39.65, 0.00, 1100.26),
(40, 3, '2025-11-01', '2025-12-31', 787.30, 52.56, 192.72, 21.02, 7.01, 39.65, 0.00, 1100.26),
(41, 3, '2025-11-01', '2025-12-31', 787.30, 52.56, 192.72, 21.02, 7.01, 39.65, 0.00, 1100.26),
(42, 4, '2025-01-01', '2025-01-31', 726.80, 48.90, 179.28, 19.56, 6.52, 42.48, 0.00, 1023.54),
(43, 4, '2025-02-01', '2025-02-28', 704.87, 44.80, 164.27, 17.92, 5.97, 0.00, 0.00, 937.84),
(44, 4, '2025-03-01', '2025-03-31', 718.07, 45.64, 167.35, 18.26, 6.09, 0.00, 0.00, 955.40),
(45, 4, '2025-04-01', '2025-04-30', 728.53, 46.31, 169.79, 18.52, 6.17, 0.00, 0.00, 969.32),
(46, 4, '2025-05-01', '2025-05-31', 746.86, 47.47, 174.06, 18.99, 6.33, 0.00, 0.00, 993.71),
(47, 4, '2025-05-01', '2025-05-31', 746.86, 47.47, 174.06, 18.99, 6.33, 0.00, 0.00, 993.71),
(48, 4, '2025-06-01', '2025-06-30', 764.21, 48.57, 178.10, 19.43, 6.48, 0.00, 0.00, 1016.79),
(49, 4, '2025-07-01', '2025-07-31', 725.86, 46.87, 171.86, 18.75, 6.25, 11.56, 0.00, 981.15),
(50, 4, '2025-08-01', '2025-08-31', 688.33, 43.75, 160.42, 17.50, 5.83, 0.00, 0.00, 915.83),
(51, 4, '2025-09-01', '2025-09-30', 753.08, 47.87, 175.51, 19.15, 6.38, 0.00, 0.00, 1001.97),
(52, 4, '2025-10-01', '2025-10-31', 797.96, 52.19, 191.35, 20.88, 6.96, 23.13, 0.00, 1092.46),
(53, 4, '2025-11-01', '2025-11-30', 708.39, 45.03, 165.09, 18.01, 6.00, 0.00, 0.00, 942.52),
(54, 4, '2025-11-01', '2025-11-30', 708.39, 45.03, 165.09, 18.01, 6.00, 0.00, 0.00, 942.52),
(55, 4, '2025-12-01', '2025-12-31', 767.35, 48.77, 178.83, 19.51, 6.50, 0.00, 0.00, 1020.97),
(56, 5, '2025-01-01', '2025-01-31', 1135.55, 72.18, 264.64, 28.87, 9.62, 0.00, 0.00, 1510.86),
(57, 5, '2025-02-01', '2025-02-28', 1009.70, 64.18, 235.31, 25.67, 8.56, 0.00, 0.00, 1343.41),
(58, 5, '2025-03-01', '2025-03-31', 1064.52, 68.53, 251.28, 27.41, 9.14, 13.69, 0.00, 1434.56),
(59, 5, '2025-04-01', '2025-04-30', 1016.77, 64.62, 236.96, 25.85, 8.62, 0.00, 0.00, 1352.82),
(60, 5, '2025-05-01', '2025-05-31', 1058.77, 71.34, 261.60, 28.54, 9.51, 63.72, 0.00, 1493.49),
(61, 5, '2025-06-01', '2025-06-30', 1052.32, 66.89, 245.25, 26.75, 8.92, 0.00, 0.00, 1400.13),
(62, 5, '2025-06-01', '2025-06-30', 1052.32, 66.89, 245.25, 26.75, 8.92, 0.00, 0.00, 1400.13),
(63, 5, '2025-07-01', '2025-07-31', 1053.35, 66.95, 245.48, 26.78, 8.93, 0.00, 0.00, 1401.49),
(64, 5, '2025-08-01', '2025-08-31', 1016.77, 64.62, 236.96, 25.85, 8.62, 0.00, 0.00, 1352.82),
(65, 5, '2025-09-01', '2025-09-30', 1051.62, 67.73, 248.33, 27.09, 9.03, 13.92, 0.00, 1417.71),
(66, 5, '2025-10-01', '2025-10-31', 1058.85, 70.75, 259.42, 28.30, 9.43, 54.28, 0.00, 1481.03),
(67, 5, '2025-11-01', '2025-11-30', 1110.10, 70.56, 258.71, 28.22, 9.41, 0.00, 0.00, 1477.00),
(68, 5, '2025-12-01', '2025-12-31', 1036.04, 65.85, 241.45, 26.34, 8.78, 0.00, 0.00, 1378.46),
(69, 6, '2025-01-01', '2025-01-31', 575.29, 36.57, 134.07, 14.63, 4.88, 0.00, 0.00, 765.43),
(70, 6, '2025-02-01', '2025-02-28', 495.65, 31.50, 115.51, 12.60, 4.20, 0.00, 0.00, 659.46),
(71, 6, '2025-03-01', '2025-03-31', 505.59, 34.80, 127.62, 13.92, 4.64, 42.01, 0.00, 728.58),
(72, 6, '2025-03-01', '2025-03-31', 505.59, 34.80, 127.62, 13.92, 4.64, 42.01, 0.00, 728.58),
(73, 6, '2025-04-01', '2025-04-30', 580.60, 36.90, 135.31, 14.76, 4.92, 0.00, 0.00, 772.49),
(74, 6, '2025-05-01', '2025-05-31', 568.09, 37.11, 136.08, 14.85, 4.95, 15.81, 0.00, 776.89),
(75, 6, '2025-06-01', '2025-06-30', 507.44, 32.25, 118.26, 12.90, 4.30, 0.00, 0.00, 675.15),
(76, 6, '2025-07-01', '2025-07-31', 573.79, 36.47, 133.72, 14.59, 4.86, 0.00, 0.00, 763.44),
(77, 6, '2025-08-01', '2025-08-31', 482.93, 30.69, 112.55, 12.28, 4.09, 0.00, 0.00, 642.55),
(78, 6, '2025-09-01', '2025-09-30', 539.34, 36.12, 132.46, 14.45, 4.82, 29.03, 0.00, 756.22),
(79, 6, '2025-10-01', '2025-10-31', 558.81, 35.52, 130.23, 14.21, 4.74, 0.00, 0.00, 743.50),
(80, 6, '2025-11-01', '2025-11-30', 552.48, 35.12, 128.76, 14.05, 4.68, 0.00, 0.00, 735.07),
(81, 6, '2025-12-01', '2025-12-31', 499.18, 31.73, 116.33, 12.69, 4.23, 0.00, 0.00, 664.16),
(82, 7, '2025-01-01', '2025-01-31', 1230.58, 78.21, 286.79, 31.29, 10.43, 0.00, 0.00, 1637.30),
(83, 7, '2025-02-01', '2025-02-28', 1078.16, 68.53, 251.27, 27.41, 9.14, 0.00, 0.00, 1434.51),
(84, 7, '2025-03-01', '2025-03-31', 1176.74, 74.79, 274.24, 29.92, 9.97, 0.00, 0.00, 1565.66),
(85, 7, '2025-04-01', '2025-04-30', 1118.48, 75.39, 276.45, 30.16, 10.05, 67.73, 0.00, 1578.27),
(86, 7, '2025-05-01', '2025-05-31', 1130.40, 71.85, 263.44, 28.74, 9.58, 0.00, 0.00, 1504.01),
(87, 7, '2025-05-01', '2025-05-31', 1130.40, 71.85, 263.44, 28.74, 9.58, 0.00, 0.00, 1504.01),
(88, 7, '2025-06-01', '2025-06-30', 1250.09, 79.46, 291.34, 31.78, 10.59, 0.00, 0.00, 1663.26),
(89, 7, '2025-07-01', '2025-07-31', 1129.18, 71.77, 263.16, 28.71, 9.57, 0.00, 0.00, 1502.39),
(90, 7, '2025-08-01', '2025-08-31', 1074.11, 68.27, 250.32, 27.31, 9.10, 0.00, 0.00, 1429.12),
(91, 7, '2025-09-01', '2025-09-30', 1150.62, 76.58, 280.80, 30.63, 10.21, 54.28, 0.00, 1603.13),
(92, 7, '2025-10-01', '2025-10-31', 1221.10, 77.61, 284.58, 31.05, 10.35, 0.00, 0.00, 1624.69),
(93, 7, '2025-11-01', '2025-11-30', 1141.85, 72.57, 266.11, 29.03, 9.68, 0.00, 0.00, 1519.24),
(94, 7, '2025-12-01', '2025-12-31', 1109.63, 70.53, 258.60, 28.21, 9.40, 0.00, 0.00, 1476.37),
(95, 8, '2025-01-01', '2025-01-31', 959.10, 60.96, 223.52, 24.38, 8.13, 0.00, 0.00, 1276.10),
(96, 8, '2025-02-01', '2025-02-28', 944.28, 60.02, 220.07, 24.01, 8.00, 0.00, 0.00, 1256.38),
(97, 8, '2025-03-01', '2025-03-31', 965.95, 61.40, 225.12, 24.56, 8.19, 0.00, 0.00, 1285.20),
(98, 8, '2025-04-01', '2025-04-30', 1061.57, 67.47, 247.40, 26.99, 9.00, 0.00, 0.00, 1412.43),
(99, 8, '2025-05-01', '2025-05-31', 971.14, 61.73, 226.33, 24.69, 8.23, 0.00, 0.00, 1292.11),
(100, 8, '2025-06-01', '2025-06-30', 953.83, 63.63, 233.29, 25.45, 8.48, 47.20, 0.00, 1331.88),
(101, 8, '2025-07-01', '2025-07-31', 935.74, 59.48, 218.08, 23.79, 7.93, 0.00, 0.00, 1245.01),
(102, 8, '2025-08-01', '2025-08-31', 914.50, 58.13, 213.13, 23.25, 7.75, 0.00, 0.00, 1216.75),
(103, 8, '2025-09-01', '2025-09-30', 1034.23, 70.04, 256.81, 28.02, 9.34, 67.73, 0.00, 1466.17),
(104, 8, '2025-10-01', '2025-10-31', 1008.66, 65.24, 239.20, 26.09, 8.70, 17.70, 0.00, 1365.59),
(105, 8, '2025-11-01', '2025-11-30', 914.50, 58.13, 213.13, 23.25, 7.75, 0.00, 0.00, 1216.75),
(106, 8, '2025-12-01', '2025-12-31', 914.50, 60.38, 221.38, 24.15, 8.05, 35.40, 0.00, 1263.85),
(107, 9, '2025-01-01', '2025-01-31', 505.91, 32.16, 117.90, 12.86, 4.29, 0.00, 0.00, 673.11),
(108, 9, '2025-01-01', '2025-01-31', 505.91, 32.16, 117.90, 12.86, 4.29, 0.00, 0.00, 673.11),
(109, 9, '2025-01-01', '2025-01-31', 505.91, 32.16, 117.90, 12.86, 4.29, 0.00, 0.00, 673.11),
(110, 9, '2025-02-01', '2025-02-28', 469.75, 29.86, 109.47, 11.94, 3.98, 0.00, 0.00, 625.00),
(111, 9, '2025-03-01', '2025-03-31', 502.29, 33.42, 122.56, 13.37, 4.46, 23.60, 0.00, 699.70),
(112, 9, '2025-04-01', '2025-04-30', 484.59, 31.55, 115.68, 12.62, 4.21, 11.80, 0.00, 660.45),
(113, 9, '2025-05-01', '2025-05-31', 510.07, 32.42, 118.87, 12.97, 4.32, 0.00, 0.00, 678.66),
(114, 9, '2025-06-01', '2025-06-30', 517.04, 33.61, 123.25, 13.44, 4.48, 11.80, 0.00, 703.62),
(115, 9, '2025-07-01', '2025-07-31', 484.59, 31.17, 114.31, 12.47, 4.16, 5.90, 0.00, 652.60),
(116, 9, '2025-08-01', '2025-08-31', 484.59, 30.80, 112.93, 12.32, 4.11, 0.00, 0.00, 644.75),
(117, 9, '2025-09-01', '2025-09-30', 515.27, 33.72, 123.66, 13.49, 4.50, 15.34, 0.00, 705.98),
(118, 9, '2025-10-01', '2025-10-31', 519.75, 33.03, 121.13, 13.21, 4.40, 0.00, 0.00, 691.53),
(119, 9, '2025-11-01', '2025-11-30', 505.83, 32.15, 117.88, 12.86, 4.29, 0.00, 0.00, 673.01),
(120, 9, '2025-12-01', '2025-12-31', 503.86, 32.03, 117.43, 12.81, 4.27, 0.00, 0.00, 670.39),
(121, 10, '2025-01-01', '2025-01-31', 557.27, 35.42, 129.87, 14.17, 4.72, 0.00, 0.00, 741.46),
(122, 10, '2025-02-01', '2025-02-28', 500.90, 31.84, 116.73, 12.73, 4.24, 0.00, 0.00, 666.45),
(123, 10, '2025-03-01', '2025-03-31', 540.52, 35.82, 131.36, 14.33, 4.78, 23.13, 0.00, 749.94),
(124, 10, '2025-04-01', '2025-04-30', 541.23, 35.52, 130.26, 14.21, 4.74, 17.70, 0.00, 743.66),
(125, 10, '2025-05-01', '2025-05-31', 545.16, 35.78, 131.18, 14.31, 4.77, 17.70, 0.00, 748.89),
(126, 10, '2025-06-01', '2025-06-30', 551.37, 36.17, 132.62, 14.47, 4.82, 17.70, 0.00, 757.16),
(127, 10, '2025-07-01', '2025-07-31', 541.23, 34.40, 126.13, 13.76, 4.59, 0.00, 0.00, 720.11),
(128, 10, '2025-08-01', '2025-08-31', 517.63, 32.90, 120.63, 13.16, 4.39, 0.00, 0.00, 688.71),
(129, 10, '2025-09-01', '2025-09-30', 578.04, 38.99, 142.96, 15.60, 5.20, 35.40, 0.00, 816.19),
(130, 10, '2025-10-01', '2025-10-31', 558.34, 35.49, 130.12, 14.19, 4.73, 0.00, 0.00, 742.87),
(131, 10, '2025-11-01', '2025-11-30', 582.05, 36.99, 135.65, 14.80, 4.93, 0.00, 0.00, 774.43),
(132, 10, '2025-12-01', '2025-12-31', 547.60, 34.80, 127.62, 13.92, 4.64, 0.00, 0.00, 728.58),
(133, 11, '2025-01-01', '2025-01-31', 1066.33, 67.77, 248.51, 27.11, 9.04, 0.00, 0.00, 1418.76),
(134, 11, '2025-02-01', '2025-02-28', 977.73, 65.59, 240.51, 26.24, 8.75, 54.28, 0.00, 1373.09),
(135, 11, '2025-03-01', '2025-03-31', 1098.11, 69.80, 255.92, 27.92, 9.31, 0.00, 0.00, 1461.04),
(136, 11, '2025-03-01', '2025-03-31', 1098.11, 69.80, 255.92, 27.92, 9.31, 0.00, 0.00, 1461.04),
(137, 11, '2025-04-01', '2025-04-30', 1065.93, 67.75, 248.42, 27.10, 9.03, 0.00, 0.00, 1418.23),
(138, 11, '2025-05-01', '2025-05-31', 1055.71, 67.10, 246.03, 26.84, 8.95, 0.00, 0.00, 1404.63),
(139, 11, '2025-06-01', '2025-06-30', 985.69, 62.65, 229.72, 25.06, 8.35, 0.00, 0.00, 1311.47),
(140, 11, '2025-07-01', '2025-07-31', 1009.29, 64.15, 235.22, 25.66, 8.55, 0.00, 0.00, 1342.87),
(141, 11, '2025-08-01', '2025-08-31', 985.69, 62.65, 229.72, 25.06, 8.35, 0.00, 0.00, 1311.47),
(142, 11, '2025-09-01', '2025-09-30', 1140.98, 72.52, 265.91, 29.01, 9.67, 0.00, 0.00, 1518.09),
(143, 11, '2025-10-01', '2025-10-31', 1073.72, 72.55, 266.02, 29.02, 9.67, 67.73, 0.00, 1518.71),
(144, 11, '2025-11-01', '2025-11-30', 1070.97, 68.07, 249.59, 27.23, 9.08, 0.00, 0.00, 1424.93),
(145, 11, '2025-12-01', '2025-12-31', 1015.90, 64.57, 236.76, 25.83, 8.61, 0.00, 0.00, 1351.67),
(146, 170, '2025-01-01', '2025-01-31', 390.85, 24.84, 91.09, 9.94, 3.31, 0.00, 0.00, 520.03),
(147, 170, '2025-02-01', '2025-02-28', 349.31, 22.20, 81.41, 8.88, 2.96, 0.00, 0.00, 464.76),
(148, 170, '2025-03-01', '2025-03-31', 391.13, 26.36, 96.65, 10.54, 3.51, 23.60, 0.00, 551.80),
(149, 170, '2025-04-01', '2025-04-30', 391.01, 25.98, 95.25, 10.39, 3.46, 17.70, 0.00, 543.79),
(150, 170, '2025-05-01', '2025-05-31', 394.67, 25.08, 91.98, 10.03, 3.34, 0.00, 0.00, 525.11),
(151, 170, '2025-06-01', '2025-06-30', 406.23, 25.82, 94.67, 10.33, 3.44, 0.00, 0.00, 540.49),
(152, 170, '2025-07-01', '2025-07-31', 389.36, 24.75, 90.74, 9.90, 3.30, 0.00, 0.00, 518.04),
(153, 170, '2025-08-01', '2025-08-31', 370.48, 23.55, 86.34, 9.42, 3.14, 0.00, 0.00, 492.92),
(154, 170, '2025-09-01', '2025-09-30', 433.41, 27.55, 101.01, 11.02, 3.67, 0.00, 0.00, 576.66),
(155, 170, '2025-10-01', '2025-10-31', 398.88, 27.60, 101.21, 11.04, 3.68, 35.40, 0.00, 577.81),
(156, 170, '2025-11-01', '2025-11-30', 403.52, 28.20, 103.39, 11.28, 3.76, 40.12, 0.00, 590.26),
(157, 170, '2025-12-01', '2025-12-31', 389.36, 24.75, 90.74, 9.90, 3.30, 0.00, 0.00, 518.04),
(158, 12, '2025-01-01', '2025-01-31', 901.52, 57.30, 210.10, 22.92, 7.64, 0.00, 0.00, 1199.48),
(159, 12, '2025-02-01', '2025-02-28', 713.90, 47.63, 174.63, 19.05, 6.35, 35.40, 0.00, 996.95),
(160, 12, '2025-03-01', '2025-03-31', 852.35, 54.18, 198.64, 21.67, 7.22, 0.00, 0.00, 1134.06),
(161, 12, '2025-04-01', '2025-04-30', 907.58, 59.49, 218.11, 23.79, 7.93, 28.32, 0.00, 1245.22),
(162, 12, '2025-05-01', '2025-05-31', 854.32, 54.30, 199.10, 21.72, 7.24, 0.00, 0.00, 1136.68),
(163, 12, '2025-06-01', '2025-06-30', 845.67, 53.75, 197.08, 21.50, 7.17, 0.00, 0.00, 1125.17),
(164, 12, '2025-07-01', '2025-07-31', 818.92, 52.05, 190.85, 20.82, 6.94, 0.00, 0.00, 1089.58),
(165, 12, '2025-08-01', '2025-08-31', 757.17, 48.12, 176.46, 19.25, 6.42, 0.00, 0.00, 1007.42),
(166, 12, '2025-09-01', '2025-09-30', 881.85, 59.05, 216.52, 23.62, 7.87, 47.20, 0.00, 1236.11),
(167, 12, '2025-10-01', '2025-10-31', 854.71, 54.33, 199.19, 21.73, 7.24, 0.00, 0.00, 1137.20),
(168, 12, '2025-11-01', '2025-11-30', 890.98, 58.88, 215.89, 23.55, 7.85, 35.40, 0.00, 1232.55),
(169, 12, '2025-12-01', '2025-12-31', 858.65, 54.57, 200.11, 21.83, 7.28, 0.00, 0.00, 1142.44),
(170, 13, '2025-01-01', '2025-01-31', 1346.69, 88.14, 323.20, 35.26, 11.75, 40.12, 0.00, 1845.17),
(171, 13, '2025-02-01', '2025-02-28', 1200.58, 76.31, 279.80, 30.52, 10.17, 0.00, 0.00, 1597.38),
(172, 13, '2025-03-01', '2025-03-31', 1363.65, 86.67, 317.80, 34.67, 11.56, 0.00, 0.00, 1814.35),
(173, 13, '2025-04-01', '2025-04-30', 1433.15, 91.09, 334.00, 36.44, 12.15, 0.00, 0.00, 1906.82),
(174, 13, '2025-05-01', '2025-05-31', 1375.72, 90.06, 330.24, 36.03, 12.01, 41.30, 0.00, 1885.36),
(175, 13, '2025-06-01', '2025-06-30', 1370.61, 87.12, 319.42, 34.85, 11.62, 0.00, 0.00, 1823.61),
(176, 13, '2025-07-01', '2025-07-31', 1409.31, 89.58, 328.44, 35.83, 11.94, 0.00, 0.00, 1875.10),
(177, 13, '2025-08-01', '2025-08-31', 1280.30, 81.38, 298.38, 32.55, 10.85, 0.00, 0.00, 1703.45),
(178, 13, '2025-09-01', '2025-09-30', 1404.99, 89.30, 327.43, 35.72, 11.91, 0.00, 0.00, 1869.35),
(179, 13, '2025-10-01', '2025-10-31', 1364.08, 87.83, 322.03, 35.13, 11.71, 17.70, 0.00, 1838.47),
(180, 13, '2025-11-01', '2025-11-30', 1403.30, 89.19, 327.04, 35.68, 11.89, 0.00, 0.00, 1867.10),
(181, 13, '2025-12-01', '2025-12-31', 1328.48, 84.44, 309.60, 33.78, 11.26, 0.00, 0.00, 1767.56),
(182, 14, '2025-01-01', '2025-01-31', 939.44, 59.71, 218.94, 23.88, 7.96, 0.00, 0.00, 1249.93),
(183, 14, '2025-02-01', '2025-02-28', 838.90, 53.32, 195.51, 21.33, 7.11, 0.00, 0.00, 1116.17),
(184, 14, '2025-03-01', '2025-03-31', 952.22, 60.52, 221.92, 24.21, 8.07, 0.00, 0.00, 1266.94),
(185, 14, '2025-04-01', '2025-04-30', 937.79, 59.61, 218.55, 23.84, 7.95, 0.00, 0.00, 1247.73),
(186, 14, '2025-05-01', '2025-05-31', 960.80, 61.07, 223.91, 24.43, 8.14, 0.00, 0.00, 1278.35),
(187, 14, '2025-06-01', '2025-06-30', 917.65, 58.32, 213.86, 23.33, 7.78, 0.00, 0.00, 1220.94),
(188, 14, '2025-07-01', '2025-07-31', 890.11, 56.58, 207.44, 22.63, 7.54, 0.00, 0.00, 1184.30),
(189, 14, '2025-08-01', '2025-08-31', 871.23, 55.38, 203.04, 22.15, 7.38, 0.00, 0.00, 1159.18),
(190, 14, '2025-09-01', '2025-09-30', 936.37, 59.52, 218.22, 23.81, 7.94, 0.00, 0.00, 1245.85),
(191, 14, '2025-10-01', '2025-10-31', 917.65, 58.32, 213.86, 23.33, 7.78, 0.00, 0.00, 1220.94),
(192, 14, '2025-11-01', '2025-11-30', 910.57, 58.62, 214.96, 23.45, 7.82, 11.80, 0.00, 1227.22),
(193, 14, '2025-12-01', '2025-12-31', 885.00, 56.25, 206.25, 22.50, 7.50, 0.00, 0.00, 1177.50),
(194, 15, '2025-01-01', '2025-01-31', 900.34, 57.23, 209.83, 22.89, 7.63, 0.00, 0.00, 1197.91),
(195, 15, '2025-02-01', '2025-02-28', 786.64, 52.25, 191.58, 20.90, 6.97, 35.40, 0.00, 1093.72),
(196, 15, '2025-03-01', '2025-03-31', 861.91, 54.78, 200.87, 21.91, 7.30, 0.00, 0.00, 1146.78),
(197, 15, '2025-04-01', '2025-04-30', 862.97, 54.85, 201.12, 21.94, 7.31, 0.00, 0.00, 1148.19),
(198, 15, '2025-05-01', '2025-05-31', 882.25, 56.07, 205.61, 22.43, 7.48, 0.00, 0.00, 1173.84),
(199, 15, '2025-06-01', '2025-06-30', 849.99, 54.03, 198.09, 21.61, 7.20, 0.00, 0.00, 1130.92),
(200, 15, '2025-07-01', '2025-07-31', 839.77, 53.37, 195.71, 21.35, 7.12, 0.00, 0.00, 1117.32),
(201, 15, '2025-08-01', '2025-08-31', 812.23, 51.63, 189.29, 20.65, 6.88, 0.00, 0.00, 1080.68),
(202, 15, '2025-09-01', '2025-09-30', 876.35, 57.54, 211.00, 23.02, 7.67, 29.03, 0.00, 1204.61),
(203, 15, '2025-10-01', '2025-10-31', 839.49, 53.36, 195.64, 21.34, 7.11, 0.00, 0.00, 1116.95),
(204, 15, '2025-11-01', '2025-11-30', 885.87, 56.31, 206.45, 22.52, 7.51, 0.00, 0.00, 1178.65),
(205, 15, '2025-12-01', '2025-12-31', 853.53, 54.25, 198.92, 21.70, 7.23, 0.00, 0.00, 1135.63),
(206, 16, '2025-01-01', '2025-01-31', 484.59, 30.80, 112.93, 12.32, 4.11, 0.00, 0.00, 644.75),
(207, 16, '2025-02-01', '2025-02-28', 428.34, 29.48, 108.08, 11.79, 3.93, 35.40, 0.00, 617.01),
(208, 16, '2025-03-01', '2025-03-31', 505.63, 32.14, 117.84, 12.86, 4.29, 0.00, 0.00, 672.75),
(209, 16, '2025-04-01', '2025-04-30', 495.60, 31.50, 115.50, 12.60, 4.20, 0.00, 0.00, 659.40),
(210, 16, '2025-05-01', '2025-05-31', 482.62, 30.68, 112.48, 12.27, 4.09, 0.00, 0.00, 642.13),
(211, 16, '2025-06-01', '2025-06-30', 469.64, 30.98, 113.58, 12.39, 4.13, 17.70, 0.00, 648.41),
(212, 16, '2025-07-01', '2025-07-31', 473.18, 30.08, 110.28, 12.03, 4.01, 0.00, 0.00, 629.57),
(213, 16, '2025-08-01', '2025-08-31', 454.30, 28.88, 105.88, 11.55, 3.85, 0.00, 0.00, 604.45),
(214, 16, '2025-09-01', '2025-09-30', 483.80, 30.75, 112.75, 12.30, 4.10, 0.00, 0.00, 643.70),
(215, 16, '2025-10-01', '2025-10-31', 482.62, 30.68, 112.48, 12.27, 4.09, 0.00, 0.00, 642.13),
(216, 16, '2025-11-01', '2025-11-30', 483.80, 30.75, 112.75, 12.30, 4.10, 0.00, 0.00, 643.70),
(217, 16, '2025-12-01', '2025-12-31', 481.83, 30.63, 112.29, 12.25, 4.08, 0.00, 0.00, 641.08),
(218, 17, '2025-01-01', '2025-01-31', 883.03, 57.33, 210.19, 22.93, 7.64, 18.88, 0.00, 1200.00),
(219, 17, '2025-02-01', '2025-02-28', 765.82, 49.88, 182.88, 19.95, 6.65, 18.88, 0.00, 1044.05),
(220, 17, '2025-03-01', '2025-03-31', 914.70, 58.14, 213.17, 23.25, 7.75, 0.00, 0.00, 1217.01),
(221, 17, '2025-04-01', '2025-04-30', 894.05, 56.82, 208.36, 22.73, 7.58, 0.00, 0.00, 1189.54),
(222, 17, '2025-05-01', '2025-05-31', 893.65, 56.80, 208.27, 22.72, 7.57, 0.00, 0.00, 1189.01),
(223, 17, '2025-06-01', '2025-06-30', 902.46, 57.36, 210.32, 22.94, 7.65, 0.00, 0.00, 1200.74),
(225, 17, '2025-06-01', '2025-06-30', 902.46, 57.36, 210.32, 22.94, 7.65, 0.00, 0.00, 1200.74),
(226, 17, '2025-06-01', '2025-06-30', 902.46, 57.36, 210.32, 22.94, 7.65, 0.00, 0.00, 1200.74),
(227, 17, '2025-07-01', '2025-07-31', 858.65, 54.57, 200.11, 21.83, 7.28, 0.00, 0.00, 1142.44),
(228, 17, '2025-08-01', '2025-08-31', 812.23, 51.63, 189.29, 20.65, 6.88, 0.00, 0.00, 1080.68),
(229, 17, '2025-08-01', '2025-08-31', 812.23, 51.63, 189.29, 20.65, 6.88, 0.00, 0.00, 1080.68),
(230, 17, '2025-09-01', '2025-09-30', 875.17, 56.82, 208.36, 22.73, 7.58, 18.88, 0.00, 1189.54),
(231, 17, '2025-10-01', '2025-10-31', 918.83, 58.40, 214.13, 23.36, 7.79, 0.00, 0.00, 1222.51),
(232, 17, '2025-11-01', '2025-11-30', 875.95, 55.68, 204.14, 22.27, 7.42, 0.00, 0.00, 1165.46),
(233, 17, '2025-12-01', '2025-12-31', 845.27, 53.73, 196.99, 21.49, 7.16, 0.00, 0.00, 1124.64),
(234, 18, '2025-01-01', '2025-01-31', 668.67, 42.50, 155.83, 17.00, 5.67, 0.00, 0.00, 889.67),
(235, 18, '2025-02-01', '2025-02-28', 545.16, 35.78, 131.18, 14.31, 4.77, 17.70, 0.00, 748.89),
(236, 18, '2025-03-01', '2025-03-31', 680.47, 43.25, 158.58, 17.30, 5.77, 0.00, 0.00, 905.37),
(237, 18, '2025-04-01', '2025-04-30', 638.38, 40.58, 148.78, 16.23, 5.41, 0.00, 0.00, 849.37),
(238, 18, '2025-05-01', '2025-05-31', 627.76, 39.90, 146.30, 15.96, 5.32, 0.00, 0.00, 835.24),
(239, 18, '2025-06-01', '2025-06-30', 649.00, 41.25, 151.25, 16.50, 5.50, 0.00, 0.00, 863.50),
(240, 18, '2025-07-01', '2025-07-31', 630.12, 41.55, 152.35, 16.62, 5.54, 23.60, 0.00, 869.78),
(241, 18, '2025-08-01', '2025-08-31', 578.20, 36.75, 134.75, 14.70, 4.90, 0.00, 0.00, 769.30),
(242, 18, '2025-09-01', '2025-09-30', 698.28, 44.38, 162.74, 17.75, 5.92, 0.00, 0.00, 929.07),
(243, 18, '2025-10-01', '2025-10-31', 693.05, 44.05, 161.52, 17.62, 5.87, 0.00, 0.00, 922.11),
(244, 18, '2025-11-01', '2025-11-30', 589.53, 37.47, 137.39, 14.99, 5.00, 0.00, 0.00, 784.37),
(245, 18, '2025-12-01', '2025-12-31', 640.86, 40.73, 149.35, 16.29, 5.43, 0.00, 0.00, 852.67),
(246, 231, '2025-01-01', '2025-01-31', 1275.97, 81.10, 297.37, 32.44, 10.81, 0.00, 0.00, 1697.69),
(247, 231, '2025-02-01', '2025-02-28', 1139.25, 72.41, 265.50, 28.96, 9.65, 0.00, 0.00, 1515.78),
(248, 231, '2025-03-01', '2025-03-30', 1237.03, 78.63, 288.29, 31.45, 10.48, 0.00, 0.00, 1645.88),
(249, 231, '2025-04-01', '2025-04-30', 1209.50, 76.88, 281.88, 30.75, 10.25, 0.00, 0.00, 1609.25),
(250, 231, '2025-05-01', '2025-05-31', 1204.39, 76.55, 280.68, 30.62, 10.21, 0.00, 0.00, 1602.45),
(251, 231, '2025-06-01', '2025-06-30', 1235.11, 79.25, 290.59, 31.70, 10.57, 11.80, 0.00, 1659.02),
(252, 231, '2025-07-01', '2025-07-31', 1184.92, 75.31, 276.15, 30.12, 10.04, 0.00, 0.00, 1576.54),
(253, 231, '2025-08-01', '2025-08-31', 1164.27, 74.00, 271.33, 29.60, 9.87, 0.00, 0.00, 1549.07),
(261, 231, '2025-09-01', '2025-09-30', 1236.72, 78.60, 288.22, 31.44, 10.48, 0.00, 0.00, 1645.46),
(262, 231, '2025-10-01', '2025-10-31', 1200.85, 76.32, 279.86, 30.53, 10.18, 0.00, 0.00, 1597.74),
(263, 231, '2025-11-01', '2025-11-30', 1259.22, 80.04, 293.46, 32.01, 10.67, 0.00, 0.00, 1675.40),
(264, 231, '2025-12-01', '2025-12-31', 1219.33, 77.50, 284.17, 31.00, 10.33, 0.00, 0.00, 1622.33),
(265, 232, '2025-01-01', '2025-01-31', 899.95, 57.20, 209.73, 22.88, 7.63, 0.00, 0.00, 1197.39),
(266, 232, '2025-02-01', '2025-02-28', 888.93, 56.50, 207.17, 22.60, 7.53, 0.00, 0.00, 1182.73),
(267, 232, '2025-03-01', '2025-03-31', 848.81, 55.08, 201.94, 22.03, 7.34, 17.70, 0.00, 1152.90),
(268, 232, '2025-04-01', '2025-04-30', 894.83, 56.88, 208.54, 22.75, 7.58, 0.00, 0.00, 1190.58),
(269, 232, '2025-05-01', '2025-05-31', 855.89, 54.40, 199.47, 21.76, 7.25, 0.00, 0.00, 1138.77),
(270, 232, '2025-06-01', '2025-06-30', 848.81, 56.20, 206.07, 22.48, 7.49, 35.40, 0.00, 1176.45),
(271, 232, '2025-07-01', '2025-07-31', 881.46, 56.03, 205.43, 22.41, 7.47, 0.00, 0.00, 1172.79),
(272, 232, '2025-08-01', '2025-08-31', 829.93, 52.75, 193.42, 21.10, 7.03, 0.00, 0.00, 1104.23),
(273, 232, '2025-09-01', '2025-09-30', 879.49, 55.90, 204.97, 22.36, 7.45, 0.00, 0.00, 1170.17),
(274, 232, '2025-10-01', '2025-10-31', 890.11, 56.58, 207.44, 22.63, 7.54, 0.00, 0.00, 1184.30),
(275, 232, '2025-11-01', '2025-11-30', 877.13, 55.75, 204.42, 22.30, 7.43, 0.00, 0.00, 1167.03),
(276, 232, '2025-12-01', '2025-12-31', 871.23, 55.38, 203.04, 22.15, 7.38, 0.00, 0.00, 1159.18),
(277, 233, '2025-01-01', '2025-01-31', 806.33, 51.25, 187.92, 20.50, 6.83, 0.00, 0.00, 1072.83),
(278, 233, '2025-02-01', '2025-02-28', 775.85, 49.31, 180.81, 19.73, 6.58, 0.00, 0.00, 1032.28),
(279, 233, '2025-03-01', '2025-03-31', 784.94, 51.09, 187.33, 20.44, 6.81, 18.88, 0.00, 1069.48),
(280, 233, '2025-04-01', '2025-04-30', 803.58, 51.08, 187.28, 20.43, 6.81, 0.00, 0.00, 1069.17),
(281, 233, '2025-05-01', '2025-05-31', 777.86, 49.44, 181.28, 19.78, 6.59, 0.00, 0.00, 1034.94),
(282, 233, '2025-06-01', '2025-06-30', 787.06, 50.03, 183.43, 20.01, 6.67, 0.00, 0.00, 1047.19),
(283, 233, '2025-07-01', '2025-07-31', 770.93, 49.00, 179.67, 19.60, 6.53, 0.00, 0.00, 1025.73),
(284, 233, '2025-08-01', '2025-08-31', 743.40, 47.25, 173.25, 18.90, 6.30, 0.00, 0.00, 989.10),
(285, 233, '2025-09-01', '2025-09-30', 828.05, 52.63, 192.98, 21.05, 7.02, 0.00, 0.00, 1101.72),
(286, 233, '2025-10-01', '2025-10-31', 755.20, 49.13, 180.13, 19.65, 6.55, 17.70, 0.00, 1028.35),
(287, 233, '2025-11-01', '2025-11-30', 776.83, 49.38, 181.04, 19.75, 6.58, 0.00, 0.00, 1033.58),
(288, 233, '2025-12-01', '2025-12-31', 821.28, 52.20, 191.40, 20.88, 6.96, 0.00, 0.00, 1092.72),
(289, 234, '2025-01-01', '2025-01-31', 955.49, 60.73, 222.68, 24.29, 8.10, 0.00, 0.00, 1271.28),
(290, 234, '2025-02-01', '2025-02-28', 944.04, 60.00, 220.01, 24.00, 8.00, 0.00, 0.00, 1256.05),
(293, 234, '2025-03-01', '2025-03-31', 942.43, 61.10, 224.03, 24.44, 8.15, 18.88, 0.00, 1279.03),
(294, 234, '2025-04-01', '2025-04-30', 945.97, 60.12, 220.46, 24.05, 8.02, 0.00, 0.00, 1258.62),
(295, 234, '2025-05-01', '2025-05-31', 940.07, 59.75, 219.08, 23.90, 7.97, 0.00, 0.00, 1250.77),
(296, 234, '2025-06-01', '2025-06-30', 930.82, 59.91, 219.68, 23.97, 7.99, 11.80, 0.00, 1254.17),
(297, 234, '2025-07-01', '2025-07-31', 942.03, 59.88, 219.54, 23.95, 7.98, 0.00, 0.00, 1253.38),
(298, 234, '2025-08-01', '2025-08-31', 881.07, 56.00, 205.33, 22.40, 7.47, 0.00, 0.00, 1172.27),
(299, 234, '2025-09-01', '2025-09-30', 969.17, 61.60, 225.87, 24.64, 8.21, 0.00, 0.00, 1289.49),
(300, 234, '2025-10-01', '2025-10-31', 970.35, 61.68, 226.14, 24.67, 8.22, 0.00, 0.00, 1291.06),
(301, 234, '2025-11-01', '2025-11-30', 925.67, 58.83, 215.73, 23.53, 7.84, 0.00, 0.00, 1231.61),
(302, 234, '2025-12-01', '2025-12-31', 943.61, 59.97, 219.91, 23.99, 8.00, 0.00, 0.00, 1255.48),
(303, 235, '2025-01-01', '2025-01-31', 792.17, 50.35, 184.62, 20.14, 6.71, 0.00, 0.00, 1053.99),
(304, 235, '2025-02-01', '2025-02-28', 812.23, 52.75, 193.42, 21.10, 7.03, 17.70, 0.00, 1104.23),
(305, 235, '2025-03-01', '2025-03-31', 841.03, 53.46, 196.00, 21.38, 7.13, 0.00, 0.00, 1118.99),
(306, 235, '2025-04-01', '2025-04-30', 788.63, 50.13, 183.79, 20.05, 6.68, 0.00, 0.00, 1049.28),
(307, 235, '2025-05-01', '2025-05-31', 814.12, 51.75, 189.73, 20.70, 6.90, 0.00, 0.00, 1083.20),
(308, 235, '2025-06-01', '2025-06-30', 785.57, 49.93, 183.08, 19.97, 6.66, 0.00, 0.00, 1045.20),
(309, 235, '2025-07-01', '2025-07-31', 788.63, 50.13, 183.79, 20.05, 6.68, 0.00, 0.00, 1049.28),
(310, 235, '2025-08-01', '2025-08-31', 770.93, 49.00, 179.67, 19.60, 6.53, 0.00, 0.00, 1025.73),
(311, 235, '2025-09-01', '2025-09-30', 858.41, 54.56, 200.05, 21.82, 7.27, 0.00, 0.00, 1142.12),
(312, 235, '2025-10-01', '2025-10-31', 804.68, 54.00, 197.98, 21.60, 7.20, 44.84, 0.00, 1130.30),
(313, 235, '2025-11-01', '2025-11-30', 813.14, 51.68, 189.50, 20.67, 6.89, 0.00, 0.00, 1081.89),
(314, 235, '2025-12-01', '2025-12-31', 818.13, 52.00, 190.67, 20.80, 6.93, 0.00, 0.00, 1088.53),
(315, 236, '2025-01-01', '2025-01-31', 876.35, 56.45, 206.98, 22.58, 7.53, 11.80, 0.00, 1181.69),
(316, 236, '2025-02-01', '2025-02-28', 868.48, 55.20, 202.40, 22.08, 7.36, 0.00, 0.00, 1155.52),
(317, 236, '2025-03-01', '2025-03-31', 911.47, 57.93, 212.42, 23.17, 7.72, 0.00, 0.00, 1212.72),
(318, 236, '2025-04-01', '2025-04-30', 934.56, 59.40, 217.80, 23.76, 7.92, 0.00, 0.00, 1243.44),
(319, 236, '2025-05-01', '2025-05-31', 902.50, 57.36, 210.33, 22.95, 7.65, 0.00, 0.00, 1200.79),
(320, 236, '2025-06-01', '2025-06-30', 885.79, 56.30, 206.43, 22.52, 7.51, 0.00, 0.00, 1178.55),
(321, 236, '2025-07-01', '2025-07-31', 890.43, 56.60, 207.52, 22.64, 7.55, 0.00, 0.00, 1184.72),
(322, 236, '2025-08-01', '2025-08-31', 826.00, 52.50, 192.50, 21.00, 7.00, 0.00, 0.00, 1099.00),
(323, 236, '2025-09-01', '2025-09-30', 908.99, 57.78, 211.84, 23.11, 7.70, 0.00, 0.00, 1209.42),
(324, 236, '2025-10-01', '2025-10-31', 866.12, 57.68, 211.48, 23.07, 7.69, 41.30, 0.00, 1207.33),
(325, 236, '2025-11-01', '2025-11-30', 897.70, 57.06, 209.21, 22.82, 7.61, 0.00, 0.00, 1194.40),
(326, 236, '2025-12-01', '2025-12-31', 925.59, 58.83, 215.71, 23.53, 7.84, 0.00, 0.00, 1231.51),
(327, 32, '2025-01-01', '2025-01-31', 1313.26, 83.47, 306.06, 33.39, 11.13, 0.00, 0.00, 1747.31),
(328, 32, '2025-02-01', '2025-02-28', 1277.15, 81.18, 297.64, 32.47, 10.82, 0.00, 0.00, 1699.26),
(329, 32, '2025-03-01', '2025-03-31', 1226.41, 79.08, 289.94, 31.63, 10.54, 17.70, 0.00, 1655.30),
(330, 32, '2025-04-01', '2025-04-30', 1248.83, 79.38, 291.04, 31.75, 10.58, 0.00, 0.00, 1661.58),
(331, 32, '2025-05-01', '2025-05-31', 1221.30, 77.63, 284.63, 31.05, 10.35, 0.00, 0.00, 1624.95),
(332, 32, '2025-06-01', '2025-06-30', 1270.07, 80.73, 295.99, 32.29, 10.76, 0.00, 0.00, 1689.84),
(333, 32, '2025-07-01', '2025-07-31', 1258.67, 80.00, 293.33, 32.00, 10.67, 0.00, 0.00, 1674.67),
(334, 32, '2025-08-01', '2025-08-31', 1183.93, 75.25, 275.92, 30.10, 10.03, 0.00, 0.00, 1575.23),
(335, 32, '2025-09-01', '2025-09-30', 1242.93, 80.13, 293.79, 32.05, 10.68, 17.70, 0.00, 1677.28),
(336, 32, '2025-10-01', '2025-10-31', 1263.58, 80.31, 294.48, 32.13, 10.71, 0.00, 0.00, 1681.21),
(337, 32, '2025-11-01', '2025-11-30', 1251.59, 79.55, 291.68, 31.82, 10.61, 0.00, 0.00, 1665.25),
(338, 32, '2025-12-01', '2025-12-31', 1235.85, 78.55, 288.02, 31.42, 10.47, 0.00, 0.00, 1644.31),
(339, 33, '2025-01-01', '2025-01-31', 875.56, 56.85, 208.45, 22.74, 7.58, 18.88, 0.00, 1190.06),
(340, 33, '2025-02-01', '2025-02-28', 888.07, 56.45, 206.97, 22.58, 7.53, 0.00, 0.00, 1181.58),
(341, 33, '2025-03-01', '2025-03-31', 886.57, 56.35, 206.62, 22.54, 7.51, 0.00, 0.00, 1179.59),
(342, 33, '2025-04-01', '2025-04-30', 862.19, 54.80, 200.93, 21.92, 7.31, 0.00, 0.00, 1147.15),
(343, 33, '2025-05-01', '2025-05-31', 885.00, 56.25, 206.25, 22.50, 7.50, 0.00, 0.00, 1177.50),
(344, 33, '2025-06-01', '2025-06-30', 869.66, 55.28, 202.68, 22.11, 7.37, 0.00, 0.00, 1157.09),
(345, 33, '2025-07-01', '2025-07-31', 865.33, 55.00, 201.67, 22.00, 7.33, 0.00, 0.00, 1151.33),
(346, 33, '2025-08-01', '2025-08-31', 826.00, 52.50, 192.50, 21.00, 7.00, 0.00, 0.00, 1099.00),
(347, 33, '2025-09-01', '2025-09-30', 849.60, 54.60, 200.20, 21.84, 7.28, 9.44, 0.00, 1142.96),
(348, 33, '2025-10-01', '2025-10-31', 860.61, 54.70, 200.57, 21.88, 7.29, 0.00, 0.00, 1145.05),
(349, 33, '2025-11-01', '2025-11-30', 922.60, 58.64, 215.01, 23.46, 7.82, 0.00, 0.00, 1227.53),
(350, 33, '2025-12-01', '2025-12-31', 883.43, 56.15, 205.88, 22.46, 7.49, 0.00, 0.00, 1175.41),
(351, 34, '2025-01-01', '2025-01-31', 825.53, 52.47, 192.39, 20.99, 7.00, 0.00, 0.00, 1098.37),
(352, 34, '2025-02-01', '2025-02-28', 852.35, 54.18, 198.64, 21.67, 7.22, 0.00, 0.00, 1134.06),
(353, 34, '2025-03-01', '2025-03-31', 876.35, 55.70, 204.23, 22.28, 7.43, 0.00, 0.00, 1165.99),
(354, 34, '2025-04-01', '2025-04-30', 803.58, 53.33, 195.53, 21.33, 7.11, 35.40, 0.00, 1116.27),
(355, 34, '2025-05-01', '2025-05-31', 870.84, 56.48, 207.08, 22.59, 7.53, 17.70, 0.00, 1182.21),
(356, 34, '2025-06-01', '2025-06-30', 822.77, 52.29, 191.75, 20.92, 6.97, 0.00, 0.00, 1094.71),
(357, 34, '2025-07-01', '2025-07-31', 858.65, 54.57, 200.11, 21.83, 7.28, 0.00, 0.00, 1142.44),
(358, 34, '2025-08-01', '2025-08-31', 784.70, 49.88, 182.88, 19.95, 6.65, 0.00, 0.00, 1044.05),
(359, 34, '2025-09-01', '2025-09-30', 802.40, 52.20, 191.40, 20.88, 6.96, 18.88, 0.00, 1092.72),
(360, 34, '2025-10-01', '2025-10-31', 821.28, 52.20, 191.40, 20.88, 6.96, 0.00, 0.00, 1092.72),
(361, 34, '2025-11-01', '2025-11-30', 823.64, 52.35, 191.95, 20.94, 6.98, 0.00, 0.00, 1095.86),
(362, 34, '2025-12-01', '2025-12-31', 818.13, 52.00, 190.67, 20.80, 6.93, 0.00, 0.00, 1088.53),
(363, 35, '2025-01-01', '2025-01-31', 920.79, 60.03, 220.09, 24.01, 8.00, 23.60, 0.00, 1256.52),
(364, 35, '2025-02-01', '2025-02-28', 912.22, 57.98, 212.59, 23.19, 7.73, 0.00, 0.00, 1213.71),
(365, 35, '2025-03-01', '2025-03-31', 936.53, 59.52, 218.26, 23.81, 7.94, 0.00, 0.00, 1246.06),
(366, 35, '2025-04-01', '2025-04-30', 950.69, 60.42, 221.56, 24.17, 8.06, 0.00, 0.00, 1264.90),
(367, 35, '2025-05-01', '2025-05-31', 1025.50, 65.18, 238.99, 26.07, 8.69, 0.00, 0.00, 1364.43),
(368, 35, '2025-06-01', '2025-06-30', 937.71, 59.60, 218.53, 23.84, 7.95, 0.00, 0.00, 1247.63),
(369, 35, '2025-07-01', '2025-07-31', 972.71, 61.83, 226.69, 24.73, 8.24, 0.00, 0.00, 1294.20),
(370, 35, '2025-08-01', '2025-08-31', 881.07, 56.00, 205.33, 22.40, 7.47, 0.00, 0.00, 1172.27),
(371, 35, '2025-09-01', '2025-09-30', 961.50, 61.11, 224.08, 24.45, 8.15, 0.00, 0.00, 1279.29),
(372, 35, '2025-10-01', '2025-10-31', 920.95, 58.53, 214.63, 23.41, 7.80, 0.00, 0.00, 1225.33),
(373, 35, '2025-11-01', '2025-11-30', 903.09, 59.65, 218.72, 23.86, 7.95, 35.40, 0.00, 1248.67),
(374, 35, '2025-12-01', '2025-12-31', 923.55, 58.70, 215.23, 23.48, 7.83, 0.00, 0.00, 1228.79),
(375, 36, '2025-01-01', '2025-01-31', 887.36, 59.25, 217.25, 23.70, 7.90, 44.84, 0.00, 1240.30),
(376, 36, '2025-02-01', '2025-02-28', 877.13, 55.75, 204.42, 22.30, 7.43, 0.00, 0.00, 1167.03),
(377, 36, '2025-03-01', '2025-03-31', 929.05, 59.05, 216.52, 23.62, 7.87, 0.00, 0.00, 1236.11),
(378, 36, '2025-04-01', '2025-04-30', 924.14, 58.74, 215.37, 23.49, 7.83, 0.00, 0.00, 1229.57),
(379, 36, '2025-05-01', '2025-05-31', 928.27, 59.00, 216.33, 23.60, 7.87, 0.00, 0.00, 1235.07),
(380, 36, '2025-06-01', '2025-06-30', 915.09, 58.91, 216.01, 23.57, 7.86, 11.80, 0.00, 1233.24),
(381, 36, '2025-07-01', '2025-07-31', 898.14, 57.09, 209.31, 22.83, 7.61, 0.00, 0.00, 1194.98),
(382, 36, '2025-08-01', '2025-08-31', 853.53, 54.25, 198.92, 21.70, 7.23, 0.00, 0.00, 1135.63),
(383, 36, '2025-09-01', '2025-09-30', 923.70, 58.71, 215.27, 23.48, 7.83, 0.00, 0.00, 1229.00),
(384, 36, '2025-10-01', '2025-10-31', 924.33, 58.75, 215.42, 23.50, 7.83, 0.00, 0.00, 1229.83),
(385, 36, '2025-11-01', '2025-11-30', 947.38, 60.21, 220.79, 24.09, 8.03, 0.00, 0.00, 1260.50),
(386, 36, '2025-12-01', '2025-12-31', 853.53, 54.25, 198.92, 21.70, 7.23, 0.00, 0.00, 1135.63),
(387, 37, '2025-01-01', '2025-01-31', 831.11, 52.83, 193.69, 21.13, 7.04, 0.00, 0.00, 1105.80),
(388, 37, '2025-02-01', '2025-02-28', 815.77, 51.85, 190.12, 20.74, 6.91, 0.00, 0.00, 1085.39),
(389, 37, '2025-03-01', '2025-03-31', 788.63, 51.25, 187.92, 20.50, 6.83, 17.70, 0.00, 1072.83),
(390, 37, '2025-04-01', '2025-04-30', 792.17, 50.35, 184.62, 20.14, 6.71, 0.00, 0.00, 1053.99),
(391, 37, '2025-05-01', '2025-05-31', 847.75, 53.88, 197.57, 21.55, 7.18, 0.00, 0.00, 1127.94),
(392, 37, '2025-06-01', '2025-06-30', 813.02, 52.80, 193.60, 21.12, 7.04, 17.70, 0.00, 1105.28),
(393, 37, '2025-07-01', '2025-07-31', 782.26, 49.72, 182.31, 19.89, 6.63, 0.00, 0.00, 1040.81),
(394, 37, '2025-08-01', '2025-08-31', 770.93, 49.00, 179.67, 19.60, 6.53, 0.00, 0.00, 1025.73),
(395, 37, '2025-09-01', '2025-09-30', 823.40, 52.34, 191.90, 20.93, 6.98, 0.00, 0.00, 1095.55),
(396, 37, '2025-10-01', '2025-10-31', 813.41, 52.45, 192.32, 20.98, 6.99, 11.80, 0.00, 1097.95),
(397, 37, '2025-11-01', '2025-11-30', 789.81, 50.20, 184.07, 20.08, 6.69, 0.00, 0.00, 1050.85),
(398, 37, '2025-12-01', '2025-12-31', 881.46, 56.03, 205.43, 22.41, 7.47, 0.00, 0.00, 1172.79),
(399, 38, '2025-01-01', '2025-01-31', 1010.87, 64.25, 235.58, 25.70, 8.57, 0.00, 0.00, 1344.97),
(400, 38, '2025-02-01', '2025-02-28', 1021.49, 64.92, 238.06, 25.97, 8.66, 0.00, 0.00, 1359.10),
(401, 38, '2025-03-01', '2025-03-31', 1020.31, 67.47, 247.41, 26.99, 9.00, 41.30, 0.00, 1412.48),
(402, 38, '2025-04-01', '2025-04-30', 1052.17, 66.87, 245.21, 26.75, 8.92, 0.00, 0.00, 1399.92),
(403, 38, '2025-05-01', '2025-05-31', 1059.25, 67.32, 246.86, 26.93, 8.98, 0.00, 0.00, 1409.34),
(404, 38, '2025-06-01', '2025-06-30', 1002.61, 63.72, 233.66, 25.49, 8.50, 0.00, 0.00, 1333.98),
(405, 38, '2025-07-01', '2025-07-31', 1045.09, 66.42, 243.56, 26.57, 8.86, 0.00, 0.00, 1390.50),
(406, 38, '2025-08-01', '2025-08-31', 1010.87, 64.25, 235.58, 25.70, 8.57, 0.00, 0.00, 1344.97),
(407, 38, '2025-09-01', '2025-09-30', 1044.50, 66.39, 243.42, 26.55, 8.85, 0.00, 0.00, 1389.71),
(408, 38, '2025-10-01', '2025-10-31', 1012.05, 65.82, 241.36, 26.33, 8.78, 23.60, 0.00, 1377.94),
(409, 38, '2025-11-01', '2025-11-30', 1052.17, 66.87, 245.21, 26.75, 8.92, 0.00, 0.00, 1399.92),
(410, 38, '2025-12-01', '2025-12-31', 1033.29, 65.67, 240.81, 26.27, 8.76, 0.00, 0.00, 1374.80),
(411, 39, '2025-01-01', '2025-01-31', 927.48, 58.95, 216.15, 23.58, 7.86, 0.00, 0.00, 1234.02),
(412, 39, '2025-02-01', '2025-02-28', 901.52, 57.30, 210.10, 22.92, 7.64, 0.00, 0.00, 1199.48),
(413, 39, '2025-03-01', '2025-03-31', 904.08, 57.46, 210.70, 22.98, 7.66, 0.00, 0.00, 1202.88),
(414, 39, '2025-04-01', '2025-04-30', 870.84, 55.35, 202.95, 22.14, 7.38, 0.00, 0.00, 1158.66),
(415, 39, '2025-05-01', '2025-05-31', 897.98, 57.08, 209.28, 22.83, 7.61, 0.00, 0.00, 1194.77),
(416, 39, '2025-05-01', '2025-05-31', 897.98, 57.08, 209.28, 22.83, 7.61, 0.00, 0.00, 1194.77),
(417, 39, '2025-06-01', '2025-06-30', 879.49, 55.90, 204.97, 22.36, 7.45, 0.00, 0.00, 1170.17),
(418, 39, '2025-07-01', '2025-07-31', 871.04, 55.36, 203.00, 22.14, 7.38, 0.00, 0.00, 1158.92),
(419, 39, '2025-08-01', '2025-08-31', 826.00, 52.50, 192.50, 21.00, 7.00, 0.00, 0.00, 1099.00),
(420, 39, '2025-09-01', '2025-09-30', 885.16, 56.26, 206.29, 22.50, 7.50, 0.00, 0.00, 1177.71),
(421, 39, '2025-10-01', '2025-10-31', 875.56, 55.65, 204.05, 22.26, 7.42, 0.00, 0.00, 1164.94),
(422, 39, '2025-11-01', '2025-11-30', 873.20, 58.13, 213.13, 23.25, 7.75, 41.30, 0.00, 1216.75),
(423, 39, '2025-12-01', '2025-12-31', 905.85, 57.57, 211.11, 23.03, 7.68, 0.00, 0.00, 1205.24);

-- --------------------------------------------------------

--
-- Estructura de tabla para la tabla `departamentos`
--

CREATE TABLE `departamentos` (
  `id_departamento` int(11) NOT NULL,
  `nombre_departamento` varchar(255) NOT NULL,
  `jefe_departamento` varchar(255) NOT NULL,
  `num_empleados` int(11) DEFAULT NULL,
  `coste_total_departamento` double DEFAULT NULL
) ENGINE=InnoDB DEFAULT CHARSET=utf8mb4 COLLATE=utf8mb4_general_ci;

--
-- Volcado de datos para la tabla `departamentos`
--

INSERT INTO `departamentos` (`id_departamento`, `nombre_departamento`, `jefe_departamento`, `num_empleados`, `coste_total_departamento`) VALUES
(1, 'Informática', 'Daniel García', NULL, 0),
(2, 'Finanzas', 'Alberto Dominguez', NULL, 0),
(3, 'Operaciones', 'Javier Torres', NULL, 0),
(4, 'Marketing', 'Ana Perez', NULL, 0),
(5, 'Investigación y Desarrollo', 'Fernando Díaz', NULL, 0),
(8, 'Recursos Humanos', 'Marta Fernández ', NULL, NULL);

-- --------------------------------------------------------

--
-- Estructura de tabla para la tabla `empleados`
--

CREATE TABLE `empleados` (
  `id_empleado` int(11) NOT NULL,
  `id_departamento` int(11) NOT NULL,
  `nombre` varchar(100) NOT NULL,
  `apellidos` varchar(150) NOT NULL,
  `dni` varchar(15) NOT NULL,
  `num_seguridad_social` varchar(12) NOT NULL,
  `email` varchar(150) NOT NULL,
  `telefono` varchar(20) DEFAULT NULL,
  `antiguedad_empresa` date NOT NULL,
  `fecha_nacimiento` date NOT NULL,
  `categoria_profesional` enum('Ingenieros y Licenciados. Personal de alta dirección','Ingenieros Técnicos, Peritos y Ayudantes Titulados','Jefes Administrativos y de Taller','Ayudantes no titulados','Oficiales Administrativos','Subalternos','Auxiliares administrativos','Oficiales de primera y segunda','Oficiales de tercera y especialistas','Peones','Trabajadores menores de dieciocho años') NOT NULL,
  `minusvalia` enum('Sin discapacidad','Entre el 33% y el 65%','Igual o superior al 65%') NOT NULL,
  `num_hijos` int(11) DEFAULT 0,
  `estado_civil` enum('soltero','casado','divorciado','viudo','pareja_hecho') NOT NULL,
  `salario_base` decimal(10,2) NOT NULL
) ENGINE=InnoDB DEFAULT CHARSET=utf8mb4 COLLATE=utf8mb4_general_ci;

--
-- Volcado de datos para la tabla `empleados`
--

INSERT INTO `empleados` (`id_empleado`, `id_departamento`, `nombre`, `apellidos`, `dni`, `num_seguridad_social`, `email`, `telefono`, `antiguedad_empresa`, `fecha_nacimiento`, `categoria_profesional`, `minusvalia`, `num_hijos`, `estado_civil`, `salario_base`) VALUES
(1, 1, 'Daniel', 'García Maroto', '12345678A', '986957489050', 'daniel.garcia@nike.com', '600123456', '2015-03-12', '1985-07-20', 'Ingenieros y Licenciados. Personal de alta dirección', 'Sin discapacidad', 1, 'casado', 4200.00),
(2, 1, 'Laura', 'Martínez Hernández', '23456789B', '772668657351', 'laura.martinez@nike.com', '600234567', '2018-06-01', '1990-11-05', 'Ingenieros Técnicos, Peritos y Ayudantes Titulados', 'Sin discapacidad', 0, 'soltero', 2900.00),
(3, 1, 'Carlos', 'Ruiz Lopez', '34567890C', '788037947291', 'carlos.ruiz@nike.com', '600345678', '2020-01-10', '1992-03-18', 'Ingenieros Técnicos, Peritos y Ayudantes Titulados', 'Sin discapacidad', 2, 'casado', 2700.00),
(4, 1, 'Elena', 'López García', '45678901D', '329940536937', 'elena.lopez@nike.com', '600456789', '2022-09-05', '1996-08-25', 'Ingenieros Técnicos, Peritos y Ayudantes Titulados', 'Sin discapacidad', 0, 'pareja_hecho', 2500.00),
(5, 1, 'Roberto', 'Ruiz Alonso', '34533890C', '105867910923', 'roberto.ruiz@nike.com', '674653278', '2020-03-10', '1990-08-08', 'Ingenieros Técnicos, Peritos y Ayudantes Titulados', 'Sin discapacidad', 0, 'soltero', 3554.00),
(6, 1, 'Diego', 'Garcia Bonacasa', '34522890P', '621429731164', 'diego.garcia@nike.com', '609890678', '2022-07-19', '1997-11-25', 'Ingenieros Técnicos, Peritos y Ayudantes Titulados', 'Sin discapacidad', 1, 'casado', 1754.00),
(7, 1, 'Alejandro', 'Teso Ortiz', '30908890H', '647512331188', 'alejandro.teso@nike.com', '614325678', '2019-09-05', '1987-12-12', 'Jefes Administrativos y de Taller', 'Sin discapacidad', 3, 'casado', 3680.00),
(8, 1, 'Javier', 'Martinez Gutierrez', '74777890S', '362250925653', 'javier.martinez@nike.com', '609845678', '2020-02-25', '1992-06-01', 'Ingenieros Técnicos, Peritos y Ayudantes Titulados', 'Sin discapacidad', 0, 'pareja_hecho', 3150.00),
(9, 1, 'Aaron', 'Martin Casado', '34992390F', '923658861194', 'aaron.martin@nike.com', '617845678', '2023-01-12', '1990-07-19', 'Ingenieros Técnicos, Peritos y Ayudantes Titulados', 'Igual o superior al 65%', 1, 'casado', 1760.00),
(10, 1, 'Lucia', 'Esteban Ruiz', '11247890G', '777145859035', 'lucia.esteban@nike.com', '666295678', '2024-05-05', '2000-02-05', 'Ingenieros Técnicos, Peritos y Ayudantes Titulados', 'Sin discapacidad', 0, 'soltero', 1880.00),
(11, 1, 'Alejandra', 'Hernandez Hidalgo', '66427890H', '640486062255', 'alejandra.hernandez@nike.com', '693345778', '2018-08-09', '1999-03-28', 'Ingenieros Técnicos, Peritos y Ayudantes Titulados', 'Sin discapacidad', 0, 'pareja_hecho', 3430.00),
(12, 1, 'Jorge', 'Rubio Martín', '34721890P', '562030392795', 'jorge.rubio@nike.com', '666389278', '2022-01-20', '1996-01-20', 'Ayudantes no titulados', 'Sin discapacidad', 0, 'casado', 2750.00),
(13, 2, 'Alberto', 'Domínguez González', '56789012E', '647214129204', 'alberto.dominguez@nike.com', '601123456', '2013-01-25', '1980-04-12', 'Ingenieros y Licenciados. Personal de alta dirección', 'Sin discapacidad', 3, 'casado', 4500.00),
(14, 2, 'Sonia', 'Reyes Lopez', '67890123F', '732533488076', 'sonia.reyes@nike.com', '601234567', '2017-07-10', '1988-12-10', 'Ingenieros Técnicos, Peritos y Ayudantes Titulados', 'Sin discapacidad', 1, 'divorciado', 3100.00),
(15, 2, 'Mario', 'Ortega Campos', '78901234G', '724072003905', 'mario.ortega@nike.com', '601345678', '2019-02-15', '1991-05-03', 'Oficiales de primera y segunda', 'Sin discapacidad', 0, 'soltero', 2950.00),
(16, 2, 'Carla', 'Roca Pérez', '55634234J', '769106834103', 'carla.roca@nike.com', '600845678', '2023-09-19', '1999-02-19', 'Oficiales de tercera y especialistas', 'Igual o superior al 65%', 0, 'soltero', 1650.00),
(17, 2, 'Lorena', 'Gutiérrez Domínguez', '88312234L', '946590650519', 'lorena.gutierrez@nike.com', '686345678', '2017-06-05', '1994-01-03', 'Oficiales de tercera y especialistas', 'Sin discapacidad', 1, '', 2950.00),
(18, 2, 'Alberto', 'Calvo Rubio', '90345234S', '613779842874', 'alberto.calvo@nike.com', '696101678', '2020-12-22', '1987-01-23', 'Oficiales de primera y segunda', 'Sin discapacidad', 2, 'divorciado', 2100.00),
(19, 3, 'Javier', 'Torres López', '89012345H', '210635040055', 'javier.torres@nike.com', '602123456', '2012-11-20', '1978-01-30', 'Ingenieros y Licenciados. Personal de alta dirección', 'Sin discapacidad', 2, 'casado', 4700.00),
(20, 3, 'Beatriz', 'Muñoz Casado', '90123456I', '229186079910', 'beatriz.munoz@nike.com', '602234567', '2016-04-18', '1986-09-09', 'Ingenieros Técnicos, Peritos y Ayudantes Titulados', 'Sin discapacidad', 2, 'casado', 3200.00),
(21, 3, 'Pablo', 'Navarro Domínguez', '01234567J', '561964420680', 'pablo.navarro@nike.com', '602345678', '2018-08-01', '1990-07-15', 'Oficiales de primera y segunda', 'Sin discapacidad', 1, 'pareja_hecho', 3100.00),
(22, 3, 'Clara', 'Jiménez Perez', '71691267F', '789470156815', 'clara.jimenez@nike.com', '602456789', '2021-01-12', '1993-06-21', 'Oficiales de tercera y especialistas', 'Sin discapacidad', 0, 'soltero', 2800.00),
(23, 3, 'Alicia', 'García Sánchez', '81239874S', '898720557757', 'alicia.garcia@nike.com', '656586789', '2018-01-23', '1996-07-01', 'Ingenieros y Licenciados. Personal de alta dirección', 'Sin discapacidad', 0, 'soltero', 3100.00),
(24, 3, 'Carmen', 'Gómez Cardona', '21231236S', '813310550957', 'carmen.lopez@nike.com', '609633289', '2023-05-07', '1989-01-27', 'Auxiliares administrativos', 'Sin discapacidad', 0, 'pareja_hecho', 1560.00),
(25, 3, 'Roberto', 'Rodríguez Perez', '61239873P', '796355926124', 'roberto.rodriguez@nike.com', '663426789', '2024-07-27', '1982-09-09', 'Subalternos', 'Sin discapacidad', 1, 'casado', 1700.00),
(26, 3, 'Andrés', 'Pérez Campos', '71233235G', '412520107652', 'andres.perez@nike.com', '602621889', '2016-03-02', '1999-09-02', 'Oficiales Administrativos', 'Sin discapacidad', 0, 'soltero', 3890.00),
(27, 3, 'Alejandro', 'Fidalgo Casado', '31237471K', '252623250676', 'alejandro.fidalgo@nike.com', '619206789', '2021-09-14', '2000-03-06', 'Jefes Administrativos y de Taller', 'Sin discapacidad', 0, 'soltero', 2340.00),
(28, 3, 'Jorge', 'Ortiz Ramirez', '41239134V', '235088860945', 'jorge.ortiz@nike.com', '602400969', '2019-06-09', '1995-03-17', 'Subalternos', 'Entre el 33% y el 65%', 0, 'soltero', 2800.00),
(29, 3, 'Borja', 'Morales Garrido', '61234232L', '376331746392', 'borja.morales@nike.com', '611156789', '2022-08-01', '1987-08-06', 'Oficiales de tercera y especialistas', 'Sin discapacidad', 1, 'divorciado', 1800.00),
(30, 3, 'Gonzalo', 'Díaz Muñoz', '97639167J', '485908001149', 'gonzalo.diaz@nike.com', '696746789', '2020-04-19', '1980-12-25', 'Oficiales de tercera y especialistas', 'Sin discapacidad', 2, 'casado', 2250.00),
(31, 3, 'Marta', 'Díaz López', '01234658N', '329780777765', 'marta.diaz@nike.com', '696426789', '2022-11-04', '1973-09-29', 'Oficiales de tercera y especialistas', 'Sin discapacidad', 2, 'divorciado', 1860.00),
(32, 4, 'Ana', 'Perez Ortiz', '12234567L', '113085128825', 'ana.perez@nike.com', '603123456', '2014-02-03', '1983-03-22', 'Ingenieros y Licenciados. Personal de alta dirección', 'Sin discapacidad', 2, 'casado', 4300.00),
(33, 4, 'Lucía', 'Santos Sánchez', '13234567M', '141330801248', 'lucia.santos@nike.com', '603234567', '2019-09-09', '1992-10-11', 'Jefes Administrativos y de Taller', 'Sin discapacidad', 0, 'soltero', 3000.00),
(34, 4, 'Hugo', 'Moreno Ortega', '14234567N', '936043727099', 'hugo.moreno@nike.com', '603345678', '2020-06-17', '1994-02-27', 'Ingenieros Técnicos, Peritos y Ayudantes Titulados', 'Sin discapacidad', 1, 'pareja_hecho', 2850.00),
(35, 4, 'Carlos', 'García Rubio', '15234567O', '423275621013', 'carlos.garcia@nike.com', '603456789', '2018-03-15', '1985-05-30', 'Ingenieros Técnicos, Peritos y Ayudantes Titulados', 'Sin discapacidad', 1, 'casado', 3200.00),
(36, 4, 'María', 'López Calvo', '16234567P', '264167437909', 'maria.lopez@nike.com', '603567890', '2017-11-20', '1990-07-14', 'Oficiales de tercera y especialistas', 'Sin discapacidad', 0, 'soltero', 3100.00),
(37, 4, 'Javier', 'Martínez Campos', '17234567Q', '412365164306', 'javier.martinez@nike.com', '603678901', '2021-01-10', '1988-12-05', 'Oficiales de tercera y especialistas', 'Sin discapacidad', 0, 'soltero', 2800.00),
(38, 4, 'Elena', 'Fernández López', '18234567R', '509213771401', 'elena.fernandez@nike.com', '603789012', '2016-05-25', '1982-09-18', 'Ingenieros Técnicos, Peritos y Ayudantes Titulados', 'Sin discapacidad', 2, 'casado', 3500.00),
(39, 4, 'Sergio', 'Ramírez Martín', '19234567S', '529087020305', 'sergio.ramirez@nike.com', '603890123', '2015-08-30', '1991-03-12', 'Ingenieros Técnicos, Peritos y Ayudantes Titulados', 'Sin discapacidad', 1, 'pareja_hecho', 3000.00),
(100, 5, 'Fernando', 'Díaz Pérez', '15239667L', '413448175534', 'fernando.diaz@nike.com', '604123456', '2011-12-01', '1975-06-04', 'Ingenieros y Licenciados. Personal de alta dirección', 'Sin discapacidad', 3, 'casado', 4900.00),
(101, 5, 'Marta', 'Suárez Fernández', '01204567P', '771226744703', 'marta.suarez@nike .com', '604234567', '2017-03-22', '1987-04-18', 'Oficiales de tercera y especialistas', 'Igual o superior al 65%', 1, 'casado', 3100.00),
(102, 5, 'Luis', 'Gil Morales', '17777167H', '897731948216', 'luis.gil@nike.com', '604345678', '2022-07-13', '1995-11-30', 'Subalternos', 'Sin discapacidad', 0, 'soltero', 2750.00),
(103, 5, 'Clara', 'Morales Pérez', '18298527R', '361815217082', 'clara.morales@nike.com', '604456789', '2019-05-10', '1990-08-25', 'Ingenieros Técnicos, Peritos y Ayudantes Titulados', 'Sin discapacidad', 0, 'soltero', 2900.00),
(104, 5, 'Jorge', 'Cruz Torres', '11326797S', '325757043331', 'jorge.cruz@nike.com', '604567890', '2018-11-15', '1983-01-12', 'Ingenieros Técnicos, Peritos y Ayudantes Titulados', 'Sin discapacidad', 2, 'casado', 3300.00),
(105, 5, 'Patricia', 'Hernández López', '20234567T', '850555373787', 'patricia.hernandez@nike.com', '604678901', '2016-04-20', '1988-02-14', 'Auxiliares administrativos', 'Sin discapacidad', 1, 'casado', 3200.00),
(106, 5, 'Raúl', 'Jiménez Sánchez', '21234567U', '188483290192', 'raul.jimenez@nike.com', '604789012', '2020-09-05', '1992-11-22', 'Oficiales de primera y segunda', 'Sin discapacidad', 0, 'soltero', 2700.00),
(107, 5, 'Verónica', 'Pérez Ruiz', '22234567V', '656850641670', 'veronica.perez@nike.com', '604890123', '2015-06-30', '1985-03-10', 'Ingenieros Técnicos, Peritos y Ayudantes Titulados', 'Entre el 33% y el 65%', 2, 'casado', 3400.00),
(108, 5, 'Andrés', 'Torres Castro', '23234567W', '296003805571', 'andres.torres@nike.com', '604901234', '2018-01-15', '1990-12-01', 'Ingenieros Técnicos, Peritos y Ayudantes Titulados', 'Entre el 33% y el 65%', 0, 'soltero', 3000.00),
(109, 5, 'Sofía', 'Ríos Martínez', '24234567X', '188816875750', 'sofia.rios@nike.com', '604012345', '2017-08-12', '1994-05-18', 'Ingenieros Técnicos, Peritos y Ayudantes Titulados', 'Sin discapacidad', 1, 'pareja_hecho', 3100.00),
(170, 1, 'Alberto', 'Campos Ortiz', '99999999R', '451282192908', 'alberto.campos@nike.com', '978765432', '2025-04-08', '1990-07-09', 'Oficiales de tercera y especialistas', 'Sin discapacidad', 0, 'soltero', 1345.56),
(231, 8, 'Marta', 'Fernandez López', '16368567R', '721660997254', 'marta.fernandez@nike.com', '605123456', '2016-05-15', '1984-08-08', 'Ingenieros Técnicos, Peritos y Ayudantes Titulados', 'Sin discapacidad', 2, 'casado', 4100.00),
(232, 8, 'Raúl', 'Vega Martínez', '19293627S', '920109100748', 'raul.vega@nike.com', '605234567', '2019-10-10', '1990-01-02', 'Auxiliares administrativos', 'Sin discapacidad', 1, 'divorciado', 2950.00),
(233, 8, 'Isabel', 'Ramos García', '97354567T', '156022994561', 'isabel.ramos@nike.com', '605345678', '2021-12-25', '1996-09-17', 'Auxiliares administrativos', 'Entre el 33% y el 65%', 0, 'soltero', 2700.00),
(234, 8, 'Fernando', 'Moreno Sánchez', '63278967U', '419474339554', 'fernando.moreno@nike.com', '605456789', '2018-03-30', '1985-11-12', 'Auxiliares administrativos', 'Sin discapacidad', 1, 'casado', 3200.00),
(235, 8, 'Lucía', 'Cruz Torres', '22287587V', '475755253630', 'lucia.cruz@nike.com', '605567890', '2020-07-05', '1993-04-20', 'Auxiliares administrativos', 'Sin discapacidad', 0, 'soltero', 2800.00),
(236, 8, 'Javier', 'Pérez Ruiz', '54896567W', '810944304580', 'javier.perez@nike.com', '605678901', '2017-11-15', '1989-02-28', 'Auxiliares administrativos', 'Sin discapacidad', 2, 'pareja_hecho', 3000.00);

-- --------------------------------------------------------

--
-- Estructura de tabla para la tabla `nominas`
--

CREATE TABLE `nominas` (
  `id_nomina` int(11) NOT NULL,
  `id_empleado` int(11) NOT NULL,
  `fecha_inicio` date NOT NULL,
  `fecha_fin` date NOT NULL,
  `salario_base` decimal(10,2) DEFAULT NULL,
  `incentivos` decimal(10,2) DEFAULT NULL,
  `plus_especial_dedicacion` decimal(10,2) DEFAULT NULL,
  `plus_antiguedad` decimal(10,2) DEFAULT NULL,
  `plus_actividad` decimal(10,2) DEFAULT NULL,
  `plus_nocturnidad` decimal(10,2) DEFAULT NULL,
  `plus_responsabilidad` decimal(10,2) DEFAULT NULL,
  `plus_convenio` decimal(10,2) DEFAULT NULL,
  `plus_idiomas` decimal(10,2) DEFAULT NULL,
  `horas_extra` decimal(10,2) DEFAULT NULL,
  `horas_complementarias` decimal(10,2) DEFAULT NULL,
  `salario_especie` decimal(10,2) DEFAULT NULL,
  `indemnizaciones` decimal(10,2) DEFAULT NULL,
  `indemnizaciones_ss` decimal(10,2) DEFAULT NULL,
  `indemnizaciones_despido` decimal(10,2) DEFAULT NULL,
  `plus_transporte` decimal(10,2) DEFAULT NULL,
  `dietas` decimal(10,2) DEFAULT NULL,
  `base_cc` decimal(10,2) DEFAULT NULL,
  `base_cp` decimal(10,2) DEFAULT NULL,
  `importe_cc` decimal(10,2) DEFAULT NULL,
  `importe_MEI` decimal(10,2) DEFAULT NULL,
  `importe_desempleo` decimal(10,2) DEFAULT NULL,
  `importe_fp` decimal(10,2) DEFAULT NULL,
  `importe_horas_extra` decimal(10,2) DEFAULT NULL,
  `importe_horas_extra_fuerza_mayor` decimal(10,2) DEFAULT NULL,
  `cotizacion_ss` decimal(10,2) DEFAULT NULL,
  `importe_irpf` decimal(10,2) DEFAULT NULL,
  `total_deducciones` decimal(10,2) DEFAULT NULL,
  `total_devengado` decimal(10,2) DEFAULT NULL,
  `salario_neto` decimal(10,2) DEFAULT NULL
) ENGINE=InnoDB DEFAULT CHARSET=utf8mb4 COLLATE=utf8mb4_general_ci;

--
-- Volcado de datos para la tabla `nominas`
--

INSERT INTO `nominas` (`id_nomina`, `id_empleado`, `fecha_inicio`, `fecha_fin`, `salario_base`, `incentivos`, `plus_especial_dedicacion`, `plus_antiguedad`, `plus_actividad`, `plus_nocturnidad`, `plus_responsabilidad`, `plus_convenio`, `plus_idiomas`, `horas_extra`, `horas_complementarias`, `salario_especie`, `indemnizaciones`, `indemnizaciones_ss`, `indemnizaciones_despido`, `plus_transporte`, `dietas`, `base_cc`, `base_cp`, `importe_cc`, `importe_MEI`, `importe_desempleo`, `importe_fp`, `importe_horas_extra`, `importe_horas_extra_fuerza_mayor`, `cotizacion_ss`, `importe_irpf`, `total_deducciones`, `total_devengado`, `salario_neto`) VALUES
(1, 1, '2025-01-01', '2025-01-31', 4200.00, 200.00, 100.00, 0.00, 0.00, 0.00, 0.00, 0.00, 0.00, 0.00, 0.00, 250.00, 0.00, 0.00, 0.00, 80.00, 0.00, 5313.33, 5313.33, 249.73, 6.91, 82.36, 5.31, 0.00, 0.00, 344.30, 709.90, 1054.20, 4830.00, 3775.80),
(2, 1, '2025-02-01', '2025-02-28', 3920.00, 93.33, 74.67, 0.00, 0.00, 0.00, 0.00, 0.00, 0.00, 50.00, 0.00, 250.00, 0.00, 0.00, 0.00, 69.69, 0.00, 4873.25, 4923.25, 229.04, 6.34, 76.31, 4.92, 2.35, 0.00, 318.96, 652.19, 971.15, 4457.69, 3486.54),
(3, 1, '2025-03-01', '2025-03-31', 4200.00, 0.00, 50.00, 0.00, 25.00, 0.00, 0.00, 0.00, 0.00, 0.00, 0.00, 250.00, 0.00, 0.00, 0.00, 80.00, 520.00, 5055.00, 5055.00, 237.59, 6.57, 78.35, 5.05, 0.00, 0.00, 327.56, 675.02, 1002.59, 5125.00, 4122.41),
(4, 1, '2025-04-01', '2025-04-30', 4200.00, 200.00, 0.00, 0.00, 0.00, 0.00, 0.00, 0.00, 0.00, 100.00, 0.00, 250.00, 0.00, 0.00, 0.00, 80.00, 0.00, 5213.33, 5313.33, 245.03, 6.78, 82.36, 5.31, 4.70, 0.00, 344.17, 709.90, 1054.07, 4830.00, 3775.93),
(5, 1, '2025-05-01', '2025-05-31', 4200.00, 0.00, 0.00, 0.00, 75.00, 0.00, 0.00, 0.00, 0.00, 50.00, 0.00, 250.00, 0.00, 0.00, 0.00, 80.00, 0.00, 5055.00, 5105.00, 237.59, 6.57, 79.13, 5.11, 2.35, 0.00, 330.74, 682.77, 1013.51, 4655.00, 3641.49),
(6, 1, '2025-06-01', '2025-06-30', 4200.00, 50.00, 0.00, 0.00, 0.00, 0.00, 0.00, 0.00, 0.00, 100.00, 0.00, 250.00, 0.00, 0.00, 0.00, 80.00, 0.00, 5038.33, 5138.33, 236.80, 6.55, 79.64, 5.14, 4.70, 0.00, 332.83, 686.65, 1019.48, 4680.00, 3660.52),
(7, 1, '2025-07-01', '2025-07-31', 4200.00, 0.00, 0.00, 0.00, 0.00, 0.00, 0.00, 0.00, 0.00, 0.00, 0.00, 250.00, 0.00, 0.00, 0.00, 80.00, 0.00, 4980.00, 4980.00, 234.06, 6.47, 77.19, 4.98, 0.00, 0.00, 322.70, 663.40, 986.10, 4530.00, 3543.90),
(8, 1, '2025-08-01', '2025-08-31', 4200.00, 0.00, 0.00, 0.00, 0.00, 0.00, 0.00, 0.00, 0.00, 0.00, 0.00, 250.00, 0.00, 0.00, 0.00, 0.00, 0.00, 4900.00, 4900.00, 230.30, 6.37, 75.95, 4.90, 0.00, 0.00, 317.52, 651.00, 968.52, 4450.00, 3481.48),
(9, 1, '2025-09-01', '2025-09-30', 4200.00, 100.00, 0.00, 0.00, 75.00, 0.00, 0.00, 0.00, 0.00, 0.00, 0.00, 250.00, 0.00, 0.00, 0.00, 80.00, 120.00, 5171.67, 5171.67, 243.07, 6.72, 80.16, 5.17, 0.00, 0.00, 335.12, 690.52, 1025.65, 4825.00, 3799.35),
(10, 1, '2025-10-01', '2025-10-31', 4200.00, 75.00, 0.00, 0.00, 0.00, 0.00, 0.00, 0.00, 0.00, 0.00, 0.00, 250.00, 0.00, 0.00, 0.00, 80.00, 0.00, 5067.50, 5067.50, 238.17, 6.59, 78.55, 5.07, 0.00, 0.00, 328.37, 675.02, 1003.40, 4605.00, 3601.60),
(11, 1, '2025-11-01', '2025-11-30', 4200.00, 100.00, 0.00, 0.00, 0.00, 0.00, 0.00, 0.00, 0.00, 75.00, 0.00, 250.00, 0.00, 0.00, 0.00, 80.00, 0.00, 5096.67, 5171.67, 239.54, 6.63, 80.16, 5.17, 3.52, 0.00, 335.03, 690.52, 1025.55, 4705.00, 3679.45),
(12, 1, '2025-12-01', '2025-12-31', 4200.00, 0.00, 0.00, 0.00, 0.00, 0.00, 80.00, 0.00, 0.00, 0.00, 0.00, 250.00, 0.00, 0.00, 0.00, 80.00, 0.00, 5060.00, 5060.00, 237.82, 6.58, 78.43, 5.06, 0.00, 0.00, 327.89, 675.80, 1003.69, 4610.00, 3606.31),
(13, 2, '2025-01-01', '2025-01-31', 2900.00, 0.00, 0.00, 75.00, 0.00, 0.00, 0.00, 0.00, 0.00, 150.00, 0.00, 0.00, 0.00, 0.00, 0.00, 0.00, 175.00, 3458.33, 3608.33, 162.54, 4.50, 55.93, 3.61, 7.05, 0.00, 233.63, 578.13, 811.75, 3300.00, 2488.25),
(14, 2, '2025-02-01', '2025-02-28', 2706.67, 0.00, 46.67, 70.00, 0.00, 0.00, 0.00, 0.00, 0.00, 0.00, 0.00, 0.00, 0.00, 0.00, 0.00, 0.00, 0.00, 3306.67, 3306.67, 155.41, 4.30, 51.25, 3.31, 0.00, 0.00, 214.27, 522.32, 736.59, 2823.34, 2086.75),
(15, 2, '2025-03-01', '2025-03-31', 2900.00, 0.00, 0.00, 75.00, 0.00, 0.00, 50.00, 0.00, 0.00, 0.00, 0.00, 0.00, 0.00, 0.00, 300.00, 0.00, 0.00, 3508.33, 3508.33, 164.89, 4.56, 54.38, 3.51, 0.00, 0.00, 227.34, 615.13, 842.47, 3325.00, 2482.53),
(16, 2, '2025-04-01', '2025-04-30', 2900.00, 0.00, 0.00, 75.00, 0.00, 0.00, 80.00, 0.00, 0.00, 0.00, 0.00, 0.00, 0.00, 0.00, 0.00, 100.00, 0.00, 3638.33, 3638.33, 171.00, 4.73, 56.39, 3.64, 0.00, 0.00, 235.76, 583.67, 819.44, 3155.00, 2335.56),
(17, 2, '2025-05-01', '2025-05-31', 2900.00, 0.00, 0.00, 75.00, 0.00, 0.00, 0.00, 0.00, 0.00, 0.00, 0.00, 0.00, 0.00, 0.00, 0.00, 0.00, 0.00, 3458.33, 3458.33, 162.54, 4.50, 53.60, 3.46, 0.00, 0.00, 224.10, 550.38, 774.48, 2975.00, 2200.53),
(18, 2, '2025-06-01', '2025-06-30', 2900.00, 168.00, 0.00, 75.00, 0.00, 0.00, 0.00, 0.00, 69.00, 64.00, 0.00, 0.00, 0.00, 0.00, 0.00, 40.00, 0.00, 3763.33, 3827.33, 176.88, 4.89, 59.32, 3.83, 3.01, 0.00, 247.93, 613.46, 861.39, 3316.00, 2454.61),
(19, 2, '2025-07-01', '2025-07-31', 2900.00, 0.00, 0.00, 75.00, 0.00, 0.00, 0.00, 0.00, 0.00, 0.00, 0.00, 0.00, 0.00, 0.00, 0.00, 100.00, 0.00, 3558.33, 3558.33, 167.24, 4.63, 55.15, 3.56, 0.00, 0.00, 230.58, 568.88, 799.46, 3075.00, 2275.55),
(20, 2, '2025-08-01', '2025-08-31', 2900.00, 0.00, 0.00, 75.00, 0.00, 0.00, 0.00, 0.00, 0.00, 0.00, 0.00, 0.00, 0.00, 0.00, 0.00, 0.00, 0.00, 3458.33, 3458.33, 162.54, 4.50, 53.60, 3.46, 0.00, 0.00, 224.10, 550.38, 774.48, 2975.00, 2200.53),
(21, 2, '2025-09-01', '2025-09-30', 2900.00, 50.00, 0.00, 75.00, 0.00, 0.00, 34.00, 0.00, 0.00, 75.00, 0.00, 0.00, 0.00, 0.00, 0.00, 40.00, 0.00, 3590.67, 3665.67, 168.76, 4.67, 56.82, 3.67, 3.52, 0.00, 237.44, 587.19, 824.63, 3174.00, 2349.37),
(22, 2, '2025-10-01', '2025-10-31', 2900.00, 90.00, 0.00, 75.00, 0.00, 0.00, 0.00, 0.00, 0.00, 0.00, 0.00, 0.00, 0.00, 0.00, 0.00, 0.00, 0.00, 3563.33, 3563.33, 167.48, 4.63, 55.23, 3.56, 0.00, 0.00, 230.90, 567.02, 797.93, 3065.00, 2267.07),
(23, 2, '2025-11-01', '2025-11-30', 2900.00, 0.00, 0.00, 75.00, 0.00, 0.00, 0.00, 0.00, 0.00, 0.00, 0.00, 340.00, 0.00, 0.00, 0.00, 50.00, 0.00, 3508.33, 3508.33, 164.89, 4.56, 54.38, 3.51, 0.00, 0.00, 227.34, 559.63, 786.97, 3365.00, 2578.03),
(24, 2, '2025-12-01', '2025-12-31', 2900.00, 90.00, 0.00, 75.00, 0.00, 0.00, 0.00, 0.00, 0.00, 0.00, 0.00, 0.00, 0.00, 0.00, 0.00, 0.00, 143.00, 3563.33, 3563.33, 167.48, 4.63, 55.23, 3.56, 0.00, 0.00, 230.90, 567.02, 797.93, 3208.00, 2410.07),
(26, 3, '2025-01-01', '2025-01-31', 2700.00, 64.00, 0.00, 0.00, 0.00, 50.00, 0.00, 0.00, 0.00, 39.00, 0.00, 0.00, 0.00, 0.00, 0.00, 80.00, 0.00, 3354.67, 3393.67, 157.67, 4.36, 52.60, 3.39, 1.83, 0.00, 219.86, 425.28, 645.14, 2933.00, 2287.86),
(27, 3, '2025-02-01', '2025-02-28', 2520.00, 0.00, 0.00, 0.00, 74.67, 0.00, 0.00, 23.33, 0.00, 0.00, 0.00, 324.00, 0.00, 0.00, 0.00, 0.00, 0.00, 3068.00, 3068.00, 144.20, 3.99, 47.55, 3.07, 0.00, 0.00, 198.81, 379.61, 578.42, 2942.00, 2363.58),
(28, 3, '2025-03-01', '2025-03-31', 2700.00, 0.00, 0.00, 56.00, 0.00, 0.00, 71.00, 0.00, 0.00, 0.00, 0.00, 0.00, 0.00, 0.00, 0.00, 100.00, 543.00, 3377.00, 3377.00, 158.72, 4.39, 52.34, 3.38, 0.00, 0.00, 218.83, 424.41, 643.24, 3470.00, 2826.76),
(29, 3, '2025-04-01', '2025-04-30', 2700.00, 150.00, 0.00, 0.00, 0.00, 0.00, 31.00, 0.00, 0.00, 0.00, 0.00, 0.00, 0.00, 0.00, 0.00, 50.00, 0.00, 3406.00, 3406.00, 160.08, 4.43, 52.79, 3.41, 0.00, 0.00, 220.71, 424.99, 645.70, 2931.00, 2285.30),
(30, 3, '2025-05-01', '2025-05-31', 2700.00, 0.00, 0.00, 0.00, 0.00, 156.00, 0.00, 0.00, 0.00, 0.00, 0.00, 0.00, 0.00, 0.00, 0.00, 73.00, 0.00, 3379.00, 3379.00, 158.81, 4.39, 52.37, 3.38, 0.00, 0.00, 218.96, 424.70, 643.66, 2929.00, 2285.34),
(31, 3, '2025-06-01', '2025-06-30', 2700.00, 200.00, 0.00, 0.00, 0.00, 0.00, 69.00, 0.00, 0.00, 0.00, 0.00, 430.00, 0.00, 0.00, 0.00, 0.00, 189.00, 3452.33, 3452.33, 162.26, 4.49, 53.51, 3.45, 0.00, 0.00, 223.71, 430.50, 654.22, 3588.00, 2933.78),
(32, 3, '2025-07-01', '2025-07-31', 2700.00, 0.00, 0.00, 0.00, 0.00, 65.00, 0.00, 34.00, 0.00, 0.00, 0.00, 0.00, 0.00, 0.00, 0.00, 100.00, 0.00, 3349.00, 3349.00, 157.40, 4.35, 51.91, 3.35, 0.00, 0.00, 217.02, 420.35, 637.37, 2899.00, 2261.63),
(33, 3, '2025-08-01', '2025-08-31', 2700.00, 0.00, 0.00, 0.00, 0.00, 0.00, 0.00, 0.00, 0.00, 0.00, 0.00, 0.00, 0.00, 0.00, 0.00, 0.00, 0.00, 3150.00, 3150.00, 148.05, 4.09, 48.83, 3.15, 0.00, 0.00, 204.12, 391.50, 595.62, 2700.00, 2104.38),
(34, 3, '2025-09-01', '2025-09-30', 2700.00, 0.00, 76.00, 0.00, 120.00, 0.00, 0.00, 0.00, 0.00, 230.00, 0.00, 0.00, 300.00, 0.00, 0.00, 0.00, 0.00, 3346.00, 3576.00, 157.26, 4.35, 55.43, 3.58, 10.81, 0.00, 231.43, 496.77, 728.20, 3426.00, 2697.80),
(35, 3, '2025-10-01', '2025-10-31', 2700.00, 0.00, 0.00, 0.00, 0.00, 60.00, 0.00, 0.00, 100.00, 0.00, 0.00, 0.00, 0.00, 0.00, 0.00, 58.00, 0.00, 3368.00, 3368.00, 158.30, 4.38, 52.20, 3.37, 0.00, 0.00, 218.25, 423.11, 641.36, 2918.00, 2276.64),
(36, 3, '0000-00-00', '0000-00-00', 2700.00, 0.00, 0.00, 0.00, 0.00, 0.00, 0.00, 0.00, 0.00, 0.00, 0.00, 0.00, 0.00, 0.00, 0.00, 0.00, 0.00, 3150.00, 3150.00, 148.05, 4.09, 48.83, 3.15, 0.00, 0.00, 204.12, 391.50, 595.62, 2700.00, 2104.38),
(37, 3, '2025-11-01', '2025-12-31', 2700.00, 0.00, 0.00, 0.00, 0.00, 12.00, 0.00, 0.00, 84.00, 168.00, 0.00, 0.00, 0.00, 0.00, 0.00, 90.00, 0.00, 3336.00, 3504.00, 156.79, 4.34, 54.31, 3.50, 7.90, 0.00, 226.84, 442.83, 669.67, 3054.00, 2384.33),
(40, 3, '2025-11-01', '2025-11-30', 2700.00, 0.00, 0.00, 0.00, 124.00, 69.00, 0.00, 0.00, 0.00, 122.00, 0.00, 0.00, 0.00, 0.00, 0.00, 65.00, 0.00, 3408.00, 3530.00, 160.18, 4.43, 54.71, 3.53, 5.73, 0.00, 228.59, 446.60, 675.19, 3080.00, 2404.81),
(41, 3, '2025-12-01', '2025-12-31', 2700.00, 0.00, 0.00, 0.00, 0.00, 56.00, 0.00, 0.00, 0.00, 0.00, 0.00, 0.00, 0.00, 0.00, 0.00, 61.00, 0.00, 3267.00, 3267.00, 153.55, 4.25, 50.64, 3.27, 0.00, 0.00, 211.70, 408.46, 620.17, 2817.00, 2196.83),
(42, 4, '2025-01-01', '2025-01-31', 2500.00, 60.00, 0.00, 0.00, 25.00, 0.00, 0.00, 0.00, 0.00, 180.00, 0.00, 0.00, 0.00, 0.00, 0.00, 68.00, 0.00, 3079.67, 3259.67, 144.74, 4.00, 50.52, 3.26, 8.46, 0.00, 210.99, 396.62, 607.61, 2833.00, 2225.39),
(43, 4, '2025-02-01', '2025-02-28', 2333.33, 31.73, 0.00, 84.00, 0.00, 0.00, 0.00, 0.00, 0.00, 0.00, 0.00, 0.00, 0.00, 0.00, 0.00, 115.73, 580.00, 2986.75, 2986.75, 140.38, 3.88, 46.29, 2.99, 0.00, 0.00, 193.54, 359.07, 552.61, 3144.79, 2592.18),
(44, 4, '2025-03-01', '2025-03-31', 2500.00, 0.00, 65.00, 0.00, 34.00, 0.00, 0.00, 0.00, 0.00, 0.00, 0.00, 324.00, 0.00, 0.00, 0.00, 27.00, 0.00, 3042.67, 3042.67, 143.01, 3.96, 47.16, 3.04, 0.00, 0.00, 197.16, 367.64, 564.80, 2950.00, 2385.20),
(45, 4, '2025-04-01', '2025-04-30', 2500.00, 80.00, 0.00, 32.00, 0.00, 0.00, 0.00, 0.00, 0.00, 0.00, 0.00, 78.00, 0.00, 0.00, 0.00, 45.00, 0.00, 3087.00, 3087.00, 145.09, 4.01, 47.85, 3.09, 0.00, 0.00, 200.04, 371.98, 572.02, 2735.00, 2162.98),
(46, 4, '2025-05-01', '2025-05-31', 2500.00, 0.00, 0.00, 0.00, 50.00, 0.00, 120.00, 0.00, 0.00, 0.00, 0.00, 0.00, 0.00, 0.00, 0.00, 78.00, 431.00, 3164.67, 3164.67, 148.74, 4.11, 49.05, 3.16, 0.00, 0.00, 205.07, 384.72, 589.79, 3179.00, 2589.21),
(47, 4, '0000-00-00', '0000-00-00', 2500.00, 0.00, 0.00, 0.00, 0.00, 0.00, 0.00, 0.00, 0.00, 0.00, 0.00, 0.00, 0.00, 0.00, 0.00, 0.00, 0.00, 2916.67, 2916.67, 137.08, 3.79, 45.21, 2.92, 0.00, 0.00, 189.00, 350.00, 539.00, 2500.00, 1961.00),
(48, 4, '2025-06-01', '2025-06-30', 2500.00, 165.00, 0.00, 78.00, 0.00, 0.00, 0.00, 0.00, 0.00, 0.00, 0.00, 120.00, 0.00, 0.00, 0.00, 51.00, 0.00, 3238.17, 3238.17, 152.19, 4.21, 50.19, 3.24, 0.00, 0.00, 209.83, 391.16, 600.99, 2914.00, 2313.01),
(49, 4, '2025-07-01', '2025-07-31', 2500.00, 0.00, 0.00, 0.00, 0.00, 0.00, 0.00, 0.00, 90.00, 49.00, 0.00, 0.00, 0.00, 0.00, 0.00, 69.00, 0.00, 3075.67, 3124.67, 144.56, 4.00, 48.43, 3.12, 2.30, 0.00, 202.41, 379.12, 581.53, 2708.00, 2126.47),
(50, 4, '2025-08-01', '2025-08-31', 2500.00, 0.00, 0.00, 0.00, 0.00, 0.00, 0.00, 0.00, 0.00, 0.00, 0.00, 0.00, 0.00, 0.00, 0.00, 0.00, 0.00, 2916.67, 2916.67, 137.08, 3.79, 45.21, 2.92, 0.00, 0.00, 189.00, 350.00, 539.00, 2500.00, 1961.00),
(51, 4, '2025-09-01', '2025-09-30', 2500.00, 200.00, 0.00, 0.00, 0.00, 0.00, 41.00, 0.00, 0.00, 0.00, 0.00, 0.00, 0.00, 0.00, 431.00, 0.00, 0.00, 3191.00, 3191.00, 149.98, 4.15, 49.46, 3.19, 0.00, 0.00, 206.78, 444.08, 650.86, 3172.00, 2521.14),
(52, 4, '2025-10-01', '2025-10-31', 2500.00, 345.00, 0.00, 0.00, 0.00, 0.00, 12.00, 0.00, 0.00, 98.00, 0.00, 0.00, 0.00, 0.00, 0.00, 50.00, 0.00, 3381.17, 3479.17, 158.91, 4.40, 53.93, 3.48, 4.61, 0.00, 225.32, 420.70, 646.02, 3005.00, 2358.98),
(53, 4, '2025-11-01', '2025-11-30', 2500.00, 0.00, 0.00, 0.00, 0.00, 85.00, 0.00, 0.00, 0.00, 0.00, 0.00, 596.00, 0.00, 0.00, 0.00, 0.00, 327.00, 3001.67, 3001.67, 141.08, 3.90, 46.53, 3.00, 0.00, 0.00, 194.51, 361.90, 556.41, 3508.00, 2951.59),
(55, 4, '2025-12-01', '2025-12-31', 2500.00, 287.00, 0.00, 0.00, 0.00, 0.00, 0.00, 0.00, 0.00, 0.00, 0.00, 0.00, 0.00, 0.00, 0.00, 0.00, 0.00, 3251.50, 3251.50, 152.82, 4.23, 50.40, 3.25, 0.00, 0.00, 210.70, 390.18, 600.88, 2787.00, 2186.12),
(56, 5, '2025-01-01', '2025-01-31', 3554.00, 260.00, 0.00, 162.00, 0.00, 0.00, 0.00, 0.00, 0.00, 0.00, 0.00, 0.00, 0.00, 0.00, 0.00, 200.00, 0.00, 4811.67, 4811.67, 226.15, 6.26, 74.58, 4.81, 0.00, 0.00, 311.80, 772.56, 1084.36, 4176.00, 3091.64),
(57, 5, '2025-02-01', '2025-02-28', 3317.07, 186.67, 0.00, 151.20, 0.00, 0.00, 0.00, 0.00, 0.00, 0.00, 0.00, 0.00, 0.00, 0.00, 0.00, 0.00, 0.00, 4278.38, 4278.38, 201.08, 5.56, 66.31, 4.28, 0.00, 0.00, 277.24, 676.16, 953.40, 3654.94, 2701.54),
(58, 5, '2025-03-01', '2025-03-31', 3554.00, 140.00, 0.00, 162.00, 0.00, 0.00, 0.00, 0.00, 0.00, 58.00, 0.00, 0.00, 0.00, 0.00, 0.00, 39.00, 0.00, 4510.67, 4568.67, 212.00, 5.86, 70.81, 4.57, 2.73, 0.00, 295.97, 731.30, 1027.28, 3953.00, 2925.72),
(59, 5, '2025-04-01', '2025-04-30', 3554.00, 0.00, 0.00, 162.00, 0.00, 0.00, 0.00, 0.00, 0.00, 0.00, 0.00, 235.00, 0.00, 0.00, 0.00, 0.00, 487.00, 4308.33, 4308.33, 202.49, 5.60, 66.78, 4.31, 0.00, 0.00, 279.18, 687.46, 966.64, 4438.00, 3471.36),
(60, 5, '2025-05-01', '2025-05-31', 3554.00, 0.00, 89.00, 162.00, 0.00, 0.00, 0.00, 0.00, 0.00, 270.00, 0.00, 0.00, 0.00, 0.00, 0.00, 89.00, 0.00, 4486.33, 4756.33, 210.86, 5.83, 73.72, 4.76, 12.69, 0.00, 307.86, 770.34, 1078.20, 4164.00, 3085.80),
(61, 5, '2025-06-01', '2025-06-30', 3554.00, 52.00, 0.00, 162.00, 0.00, 0.00, 69.00, 0.00, 0.00, 0.00, 0.00, 0.00, 0.00, 0.00, 0.00, 21.00, 0.00, 4459.00, 4459.00, 209.57, 5.80, 69.11, 4.46, 0.00, 0.00, 288.94, 713.73, 1002.67, 3858.00, 2855.33),
(62, 5, '0000-00-00', '0000-00-00', 3554.00, 0.00, 0.00, 0.00, 0.00, 0.00, 0.00, 0.00, 0.00, 0.00, 0.00, 0.00, 0.00, 0.00, 0.00, 0.00, 0.00, 4146.33, 4146.33, 194.88, 5.39, 64.27, 4.15, 0.00, 0.00, 268.68, 657.49, 926.17, 3554.00, 2627.83),
(63, 5, '2025-07-01', '2025-07-31', 3554.00, 0.00, 56.00, 162.00, 0.00, 0.00, 0.00, 41.00, 0.00, 0.00, 0.00, 0.00, 0.00, 0.00, 0.00, 58.00, 234.00, 4463.33, 4463.33, 209.78, 5.80, 69.18, 4.46, 0.00, 0.00, 289.22, 716.13, 1005.36, 4105.00, 3099.64),
(64, 5, '2025-08-01', '2025-08-31', 3554.00, 0.00, 0.00, 162.00, 0.00, 0.00, 0.00, 0.00, 0.00, 0.00, 0.00, 0.00, 0.00, 0.00, 0.00, 0.00, 0.00, 4308.33, 4308.33, 202.49, 5.60, 66.78, 4.31, 0.00, 0.00, 279.18, 687.46, 966.64, 3716.00, 2749.36),
(65, 5, '2025-09-01', '2025-09-30', 3554.00, 58.00, 0.00, 162.00, 0.00, 0.00, 0.00, 0.00, 0.00, 59.00, 0.00, 0.00, 0.00, 0.00, 0.00, 80.00, 0.00, 4456.00, 4515.00, 209.43, 5.79, 69.98, 4.51, 2.77, 0.00, 292.50, 723.90, 1016.40, 3913.00, 2896.60),
(66, 5, '2025-10-01', '2025-10-31', 3554.00, 128.00, 29.00, 162.00, 0.00, 0.00, 0.00, 0.00, 0.00, 230.00, 0.00, 140.00, 0.00, 0.00, 0.00, 0.00, 632.00, 4486.67, 4716.67, 210.87, 5.83, 73.11, 4.72, 10.81, 0.00, 305.34, 759.05, 1064.40, 4875.00, 3810.60),
(67, 5, '2025-11-01', '2025-11-30', 3554.00, 129.00, 0.00, 162.00, 0.00, 58.00, 0.00, 0.00, 0.00, 0.00, 0.00, 0.00, 0.00, 0.00, 0.00, 187.00, 189.00, 4703.83, 4703.83, 221.08, 6.11, 72.91, 4.70, 0.00, 0.00, 304.81, 756.65, 1061.46, 4279.00, 3217.54),
(68, 5, '2025-12-01', '2025-12-31', 3554.00, 70.00, 0.00, 162.00, 0.00, 0.00, 0.00, 0.00, 0.00, 0.00, 0.00, 0.00, 0.00, 0.00, 0.00, 0.00, 0.00, 4390.00, 4390.00, 206.33, 5.71, 68.05, 4.39, 0.00, 0.00, 284.47, 700.41, 984.88, 3786.00, 2801.12),
(69, 6, '2025-01-01', '2025-01-31', 1754.00, 158.00, 0.00, 0.00, 38.00, 0.00, 0.00, 0.00, 0.00, 0.00, 0.00, 58.00, 0.00, 0.00, 0.00, 169.00, 0.00, 2437.67, 2437.67, 114.57, 3.17, 37.78, 2.44, 0.00, 0.00, 157.96, 254.28, 412.24, 2177.00, 1764.76),
(70, 6, '2025-02-01', '2025-02-28', 1637.07, 44.80, 0.00, 0.00, 0.00, 54.13, 0.00, 0.00, 0.00, 0.00, 0.00, 0.00, 0.00, 0.00, 0.00, 64.40, 0.00, 2100.20, 2100.20, 98.71, 2.73, 32.55, 2.10, 0.00, 0.00, 136.09, 216.05, 352.14, 1800.40, 1448.26),
(71, 6, '2025-03-01', '2025-03-31', 1754.00, 0.00, 0.00, 0.00, 0.00, 0.00, 0.00, 68.00, 0.00, 178.00, 0.00, 0.00, 0.00, 0.00, 0.00, 28.00, 0.00, 2142.33, 2320.33, 100.69, 2.79, 35.97, 2.32, 8.37, 0.00, 150.13, 243.36, 393.49, 2028.00, 1634.51),
(72, 6, '0000-00-00', '0000-00-00', 1754.00, 0.00, 0.00, 0.00, 0.00, 0.00, 0.00, 0.00, 0.00, 0.00, 0.00, 0.00, 0.00, 0.00, 0.00, 0.00, 0.00, 2046.33, 2046.33, 96.18, 2.66, 31.72, 2.05, 0.00, 0.00, 132.60, 210.48, 343.08, 1754.00, 1410.92),
(73, 6, '2025-04-01', '2025-04-30', 1754.00, 245.00, 0.00, 0.00, 0.00, 0.00, 39.00, 0.00, 0.00, 0.00, 0.00, 0.00, 0.00, 0.00, 0.00, 89.00, 157.00, 2460.17, 2460.17, 115.63, 3.20, 38.13, 2.46, 0.00, 0.00, 159.42, 255.24, 414.66, 2284.00, 1869.34),
(74, 6, '2025-05-01', '2025-05-31', 1754.00, 47.00, 89.00, 0.00, 0.00, 0.00, 158.00, 0.00, 0.00, 67.00, 0.00, 0.00, 0.00, 0.00, 0.00, 59.00, 0.00, 2407.17, 2474.17, 113.14, 3.13, 38.35, 2.47, 3.15, 0.00, 160.24, 260.88, 421.12, 2174.00, 1752.88),
(75, 6, '2025-06-01', '2025-06-30', 1754.00, 89.00, 0.00, 0.00, 0.00, 0.00, 0.00, 0.00, 0.00, 0.00, 0.00, 157.00, 0.00, 0.00, 0.00, 0.00, 0.00, 2150.17, 2150.17, 101.06, 2.80, 33.33, 2.15, 0.00, 0.00, 139.33, 221.16, 360.49, 2000.00, 1639.51),
(76, 6, '2025-07-01', '2025-07-31', 1754.00, 0.00, 0.00, 0.00, 128.00, 0.00, 0.00, 257.00, 0.00, 0.00, 0.00, 0.00, 0.00, 0.00, 0.00, 0.00, 0.00, 2431.33, 2431.33, 114.27, 3.16, 37.69, 2.43, 0.00, 0.00, 157.55, 256.68, 414.23, 2139.00, 1724.77),
(77, 6, '2025-08-01', '2025-08-31', 1754.00, 0.00, 0.00, 0.00, 0.00, 0.00, 0.00, 0.00, 0.00, 0.00, 0.00, 0.00, 0.00, 0.00, 0.00, 0.00, 0.00, 2046.33, 2046.33, 96.18, 2.66, 31.72, 2.05, 0.00, 0.00, 132.60, 210.48, 343.08, 1754.00, 1410.92),
(78, 6, '2025-09-01', '2025-09-30', 1754.00, 84.00, 0.00, 54.00, 0.00, 0.00, 0.00, 0.00, 0.00, 123.00, 0.00, 0.00, 0.00, 0.00, 0.00, 87.00, 0.00, 2285.33, 2408.33, 107.41, 2.97, 37.33, 2.41, 5.78, 0.00, 155.90, 252.24, 408.14, 2102.00, 1693.86),
(79, 6, '2025-10-01', '2025-10-31', 1754.00, 237.00, 45.00, 0.00, 0.00, 0.00, 0.00, 0.00, 0.00, 0.00, 0.00, 0.00, 0.00, 0.00, 0.00, 0.00, 0.00, 2367.83, 2367.83, 111.29, 3.08, 36.70, 2.37, 0.00, 0.00, 153.44, 244.32, 397.76, 2036.00, 1638.24),
(80, 6, '2025-11-01', '2025-11-30', 1754.00, 178.00, 0.00, 48.00, 0.00, 0.00, 39.00, 0.00, 0.00, 0.00, 0.00, 0.00, 0.00, 0.00, 140.00, 0.00, 0.00, 2341.00, 2341.00, 110.03, 3.04, 36.29, 2.34, 0.00, 0.00, 151.70, 259.08, 410.78, 2159.00, 1748.22),
(81, 6, '2025-12-01', '2025-12-31', 1754.00, 59.00, 0.00, 0.00, 0.00, 0.00, 0.00, 0.00, 0.00, 0.00, 0.00, 0.00, 0.00, 0.00, 0.00, 0.00, 0.00, 2115.17, 2115.17, 99.41, 2.75, 32.79, 2.12, 0.00, 0.00, 137.06, 217.56, 354.62, 1813.00, 1458.38),
(82, 7, '2025-01-01', '2025-01-31', 3680.00, 150.00, 0.00, 258.00, 230.00, 0.00, 0.00, 0.00, 0.00, 0.00, 0.00, 0.00, 0.00, 0.00, 0.00, 258.00, 0.00, 5214.33, 5214.33, 245.07, 6.78, 80.82, 5.21, 0.00, 0.00, 337.89, 663.52, 1001.41, 4576.00, 3574.59),
(83, 7, '2025-02-01', '2025-02-28', 3434.67, 93.33, 0.00, 240.80, 0.00, 0.00, 58.80, 0.00, 0.00, 0.00, 0.00, 0.00, 0.00, 0.00, 0.00, 112.00, 0.00, 4568.49, 4568.49, 214.72, 5.94, 70.81, 4.57, 0.00, 0.00, 296.04, 571.24, 867.28, 3939.60, 3072.32),
(84, 7, '2025-03-01', '2025-03-31', 3680.00, 197.00, 0.00, 258.00, 0.00, 0.00, 0.00, 36.00, 0.00, 0.00, 0.00, 0.00, 0.00, 0.00, 0.00, 169.00, 657.00, 4986.17, 4986.17, 234.35, 6.48, 77.29, 4.99, 0.00, 0.00, 323.10, 629.30, 952.40, 4997.00, 4044.60),
(85, 7, '2025-04-01', '2025-04-30', 3680.00, 0.00, 0.00, 258.00, 61.00, 0.00, 0.00, 0.00, 0.00, 287.00, 0.00, 0.00, 0.00, 0.00, 0.00, 127.00, 100.00, 4739.33, 5026.33, 222.75, 6.16, 77.91, 5.03, 13.49, 0.00, 325.33, 639.88, 965.22, 4513.00, 3547.78),
(86, 7, '2025-05-01', '2025-05-31', 3680.00, 147.00, 0.00, 258.00, 0.00, 0.00, 0.00, 0.00, 0.00, 0.00, 0.00, 0.00, 0.00, 0.00, 0.00, 67.00, 0.00, 4789.83, 4789.83, 225.12, 6.23, 74.24, 4.79, 0.00, 0.00, 310.38, 602.04, 912.42, 4152.00, 3239.58),
(87, 7, '0000-00-00', '0000-00-00', 3680.00, 0.00, 0.00, 0.00, 0.00, 0.00, 0.00, 0.00, 0.00, 0.00, 0.00, 0.00, 0.00, 0.00, 0.00, 0.00, 0.00, 4293.33, 4293.33, 201.79, 5.58, 66.55, 4.29, 0.00, 0.00, 278.21, 533.60, 811.81, 3680.00, 2868.19),
(88, 7, '2025-06-01', '2025-06-30', 3680.00, 238.00, 147.00, 258.00, 0.00, 0.00, 0.00, 0.00, 0.00, 0.00, 0.00, 0.00, 0.00, 0.00, 0.00, 321.00, 0.00, 5297.00, 5297.00, 248.96, 6.89, 82.10, 5.30, 0.00, 0.00, 343.25, 673.38, 1016.63, 4644.00, 3627.37),
(89, 7, '2025-07-01', '2025-07-31', 3680.00, 200.00, 0.00, 258.00, 0.00, 0.00, 0.00, 0.00, 0.00, 0.00, 0.00, 0.00, 0.00, 0.00, 0.00, 0.00, 0.00, 4784.67, 4784.67, 224.88, 6.22, 74.16, 4.78, 0.00, 0.00, 310.05, 600.01, 910.06, 4138.00, 3227.94),
(90, 7, '2025-08-01', '2025-08-31', 3680.00, 0.00, 0.00, 258.00, 0.00, 0.00, 0.00, 0.00, 0.00, 0.00, 0.00, 0.00, 0.00, 0.00, 0.00, 0.00, 0.00, 4551.33, 4551.33, 213.91, 5.92, 70.55, 4.55, 0.00, 0.00, 294.93, 571.01, 865.94, 3938.00, 3072.06),
(91, 7, '2025-09-01', '2025-09-30', 3680.00, 169.00, 0.00, 258.00, 0.00, 0.00, 0.00, 0.00, 0.00, 230.00, 0.00, 287.00, 0.00, 0.00, 0.00, 127.00, 0.00, 4875.50, 5105.50, 229.15, 6.34, 79.14, 5.11, 10.81, 0.00, 330.54, 647.28, 977.82, 4751.00, 3773.18),
(92, 7, '2025-10-01', '2025-10-31', 3680.00, 287.00, 0.00, 258.00, 0.00, 0.00, 0.00, 0.00, 0.00, 0.00, 0.00, 369.00, 0.00, 0.00, 0.00, 288.00, 0.00, 5174.17, 5174.17, 243.19, 6.73, 80.20, 5.17, 0.00, 0.00, 335.29, 654.38, 989.67, 4882.00, 3892.33),
(93, 7, '2025-11-01', '2025-11-30', 3680.00, 120.00, 69.00, 258.00, 0.00, 0.00, 0.00, 0.00, 0.00, 0.00, 0.00, 0.00, 0.00, 0.00, 0.00, 78.00, 120.00, 4838.33, 4838.33, 227.40, 6.29, 74.99, 4.84, 0.00, 0.00, 313.52, 609.72, 923.25, 4325.00, 3401.75),
(94, 7, '2025-12-01', '2025-12-31', 3680.00, 129.00, 0.00, 258.00, 0.00, 0.00, 0.00, 0.00, 0.00, 0.00, 0.00, 0.00, 0.00, 0.00, 0.00, 0.00, 0.00, 4701.83, 4701.83, 220.99, 6.11, 72.88, 4.70, 0.00, 0.00, 304.68, 589.71, 894.39, 4067.00, 3172.61),
(95, 8, '2025-01-01', '2025-01-31', 3150.00, 0.00, 69.00, 200.00, 0.00, 0.00, 0.00, 0.00, 0.00, 0.00, 0.00, 278.00, 0.00, 0.00, 0.00, 120.00, 0.00, 4064.00, 4064.00, 191.01, 5.28, 62.99, 4.06, 0.00, 0.00, 263.35, 619.32, 882.67, 3817.00, 2934.33),
(96, 8, '2025-02-01', '2025-02-28', 2940.00, 299.60, 0.00, 186.67, 0.00, 0.00, 0.00, 0.00, 0.00, 0.00, 0.00, 0.00, 0.00, 0.00, 0.00, 0.00, 0.00, 4001.20, 4001.20, 188.06, 5.20, 62.02, 4.00, 0.00, 0.00, 259.28, 599.60, 858.88, 3426.27, 2567.39),
(97, 8, '2025-03-01', '2025-03-31', 3150.00, 0.00, 0.00, 200.00, 0.00, 0.00, 98.00, 0.00, 0.00, 0.00, 0.00, 0.00, 0.00, 0.00, 0.00, 120.00, 398.00, 4093.00, 4093.00, 192.37, 5.32, 63.44, 4.09, 0.00, 0.00, 265.23, 624.40, 889.63, 3966.00, 3076.37),
(98, 8, '2025-04-01', '2025-04-30', 3150.00, 157.00, 0.00, 200.00, 320.00, 0.00, 0.00, 0.00, 0.00, 0.00, 0.00, 0.00, 0.00, 0.00, 0.00, 120.00, 0.00, 4498.17, 4498.17, 211.41, 5.85, 69.72, 4.50, 0.00, 0.00, 291.48, 690.72, 982.21, 3947.00, 2964.79),
(99, 8, '2025-05-01', '2025-05-31', 3150.00, 120.00, 0.00, 200.00, 0.00, 0.00, 0.00, 0.00, 0.00, 0.00, 0.00, 0.00, 0.00, 0.00, 0.00, 100.00, 0.00, 4115.00, 4115.00, 193.41, 5.35, 63.78, 4.12, 0.00, 0.00, 266.65, 624.75, 891.40, 3570.00, 2678.60),
(100, 8, '2025-06-01', '2025-06-30', 3150.00, 100.00, 0.00, 200.00, 0.00, 0.00, 0.00, 0.00, 0.00, 200.00, 0.00, 0.00, 0.00, 0.00, 0.00, 50.00, 0.00, 4041.67, 4241.67, 189.96, 5.25, 65.75, 4.24, 9.40, 0.00, 274.60, 647.50, 922.10, 3700.00, 2777.90),
(101, 8, '2025-07-01', '2025-07-31', 3150.00, 0.00, 0.00, 200.00, 0.00, 90.00, 0.00, 0.00, 0.00, 0.00, 0.00, 0.00, 0.00, 0.00, 0.00, 0.00, 0.00, 3965.00, 3965.00, 186.35, 5.15, 61.46, 3.97, 0.00, 0.00, 256.93, 602.00, 858.93, 3440.00, 2581.07),
(102, 8, '2025-08-01', '2025-08-31', 3150.00, 0.00, 0.00, 200.00, 0.00, 0.00, 0.00, 0.00, 0.00, 0.00, 0.00, 0.00, 0.00, 0.00, 0.00, 0.00, 0.00, 3875.00, 3875.00, 182.13, 5.04, 60.06, 3.88, 0.00, 0.00, 251.10, 586.25, 837.35, 3350.00, 2512.65),
(103, 8, '2025-09-01', '2025-09-30', 3150.00, 230.00, 0.00, 250.00, 0.00, 0.00, 0.00, 0.00, 0.00, 287.00, 0.00, 0.00, 0.00, 0.00, 0.00, 189.00, 327.00, 4382.33, 4669.33, 205.97, 5.70, 72.37, 4.67, 13.49, 0.00, 302.20, 718.55, 1020.75, 4433.00, 3412.25),
(104, 8, '2025-10-01', '2025-10-31', 3150.00, 210.00, 0.00, 200.00, 0.00, 0.00, 0.00, 0.00, 0.00, 75.00, 0.00, 0.00, 0.00, 0.00, 0.00, 154.00, 0.00, 4274.00, 4349.00, 200.88, 5.56, 67.41, 4.35, 3.52, 0.00, 281.72, 663.07, 944.79, 3789.00, 2844.21),
(105, 8, '2025-11-01', '2025-11-30', 3150.00, 0.00, 0.00, 200.00, 0.00, 0.00, 0.00, 0.00, 0.00, 0.00, 0.00, 0.00, 0.00, 0.00, 0.00, 0.00, 340.00, 3875.00, 3875.00, 182.13, 5.04, 60.06, 3.88, 0.00, 0.00, 251.10, 586.25, 837.35, 3690.00, 2852.65),
(106, 8, '2025-12-01', '2025-12-31', 3150.00, 0.00, 0.00, 200.00, 0.00, 0.00, 0.00, 0.00, 0.00, 150.00, 0.00, 0.00, 0.00, 0.00, 0.00, 0.00, 0.00, 3875.00, 4025.00, 182.13, 5.04, 62.39, 4.03, 7.05, 0.00, 260.63, 612.50, 873.13, 3500.00, 2626.88),
(107, 9, '2025-01-01', '2025-01-31', 1760.00, 50.00, 0.00, 0.00, 0.00, 0.00, 32.00, 0.00, 0.00, 0.00, 0.00, 0.00, 0.00, 0.00, 0.00, 0.00, 0.00, 2143.67, 2143.67, 100.75, 2.79, 33.23, 2.14, 0.00, 0.00, 138.91, 221.04, 359.95, 1842.00, 1482.05),
(110, 9, '2025-02-01', '2025-02-28', 1642.67, 46.67, 0.00, 0.00, 0.00, 0.00, 0.00, 0.00, 0.00, 0.00, 0.00, 0.00, 0.00, 0.00, 0.00, 0.00, 0.00, 1990.45, 1990.45, 93.55, 2.59, 30.85, 1.99, 0.00, 0.00, 128.98, 202.72, 331.70, 1689.34, 1357.64),
(111, 9, '2025-03-01', '2025-03-31', 1760.00, 0.00, 0.00, 0.00, 0.00, 75.00, 0.00, 0.00, 0.00, 100.00, 0.00, 0.00, 0.00, 0.00, 0.00, 0.00, 0.00, 2128.33, 2228.33, 100.03, 2.77, 34.54, 2.23, 4.70, 0.00, 144.27, 232.20, 376.47, 1935.00, 1558.53),
(112, 9, '2025-04-01', '2025-04-30', 1760.00, 0.00, 0.00, 0.00, 0.00, 0.00, 0.00, 0.00, 0.00, 50.00, 0.00, 0.00, 0.00, 0.00, 0.00, 0.00, 0.00, 2053.33, 2103.33, 96.51, 2.67, 32.60, 2.10, 2.35, 0.00, 136.23, 217.20, 353.43, 1810.00, 1456.57),
(113, 9, '2025-05-01', '2025-05-31', 1760.00, 0.00, 0.00, 0.00, 58.00, 0.00, 0.00, 0.00, 0.00, 0.00, 0.00, 0.00, 0.00, 0.00, 0.00, 50.00, 0.00, 2161.33, 2161.33, 101.58, 2.81, 33.50, 2.16, 0.00, 0.00, 140.05, 224.16, 364.21, 1868.00, 1503.79),
(114, 9, '2025-06-01', '2025-06-30', 1760.00, 75.00, 0.00, 0.00, 0.00, 0.00, 0.00, 0.00, 0.00, 50.00, 0.00, 0.00, 0.00, 0.00, 0.00, 50.00, 0.00, 2190.83, 2240.83, 102.97, 2.85, 34.73, 2.24, 2.35, 0.00, 145.14, 232.20, 377.34, 1935.00, 1557.66),
(115, 9, '2025-07-01', '2025-07-31', 1760.00, 0.00, 0.00, 0.00, 0.00, 0.00, 0.00, 0.00, 0.00, 25.00, 0.00, 0.00, 0.00, 0.00, 0.00, 0.00, 0.00, 2053.33, 2078.33, 96.51, 2.67, 32.21, 2.08, 1.18, 0.00, 134.64, 214.20, 348.84, 1785.00, 1436.16),
(116, 9, '2025-08-01', '2025-08-31', 1760.00, 0.00, 0.00, 0.00, 0.00, 0.00, 0.00, 0.00, 0.00, 0.00, 0.00, 0.00, 0.00, 0.00, 0.00, 0.00, 0.00, 2053.33, 2053.33, 96.51, 2.67, 31.83, 2.05, 0.00, 0.00, 133.06, 211.20, 344.26, 1760.00, 1415.74),
(117, 9, '2025-09-01', '2025-09-30', 1760.00, 0.00, 0.00, 0.00, 80.00, 0.00, 0.00, 0.00, 0.00, 65.00, 0.00, 0.00, 0.00, 0.00, 0.00, 50.00, 0.00, 2183.33, 2248.33, 102.62, 2.84, 34.85, 2.25, 3.06, 0.00, 145.61, 234.60, 380.21, 1955.00, 1574.79),
(118, 9, '2025-10-01', '2025-10-31', 1760.00, 0.00, 80.00, 0.00, 0.00, 0.00, 0.00, 0.00, 69.00, 0.00, 0.00, 0.00, 0.00, 0.00, 0.00, 0.00, 0.00, 2202.33, 2202.33, 103.51, 2.86, 34.14, 2.20, 0.00, 0.00, 142.71, 229.08, 371.79, 1909.00, 1537.21),
(119, 9, '2025-11-01', '2025-11-30', 1760.00, 0.00, 0.00, 0.00, 0.00, 90.00, 0.00, 0.00, 0.00, 0.00, 0.00, 0.00, 0.00, 0.00, 0.00, 0.00, 0.00, 2143.33, 2143.33, 100.74, 2.79, 33.22, 2.14, 0.00, 0.00, 138.89, 222.00, 360.89, 1850.00, 1489.11),
(120, 9, '2025-12-01', '2025-12-31', 1760.00, 70.00, 0.00, 0.00, 0.00, 0.00, 0.00, 0.00, 0.00, 0.00, 0.00, 0.00, 0.00, 0.00, 0.00, 0.00, 0.00, 2135.00, 2135.00, 100.34, 2.78, 33.09, 2.14, 0.00, 0.00, 138.35, 219.60, 357.95, 1830.00, 1472.05),
(121, 10, '2025-01-01', '2025-01-31', 1880.00, 60.00, 0.00, 0.00, 98.00, 0.00, 0.00, 0.00, 0.00, 0.00, 0.00, 0.00, 0.00, 0.00, 0.00, 0.00, 0.00, 2361.33, 2361.33, 110.98, 3.07, 36.60, 2.36, 0.00, 0.00, 153.01, 305.70, 458.71, 2038.00, 1579.29),
(122, 10, '2025-02-01', '2025-02-28', 1754.67, 46.67, 0.00, 0.00, 0.00, 0.00, 0.00, 0.00, 0.00, 0.00, 0.00, 0.00, 0.00, 0.00, 0.00, 0.00, 0.00, 2122.45, 2122.45, 99.76, 2.76, 32.90, 2.12, 0.00, 0.00, 137.53, 270.20, 407.74, 1801.34, 1393.60),
(123, 10, '2025-03-01', '2025-03-31', 1880.00, 0.00, 0.00, 0.00, 0.00, 0.00, 0.00, 69.00, 0.00, 98.00, 0.00, 0.00, 0.00, 0.00, 0.00, 28.00, 0.00, 2290.33, 2388.33, 107.65, 2.98, 37.02, 2.39, 4.61, 0.00, 154.64, 311.25, 465.89, 2075.00, 1609.11),
(124, 10, '2025-04-01', '2025-04-30', 1880.00, 0.00, 0.00, 0.00, 0.00, 0.00, 0.00, 0.00, 0.00, 75.00, 0.00, 0.00, 0.00, 0.00, 0.00, 100.00, 0.00, 2293.33, 2368.33, 107.79, 2.98, 36.71, 2.37, 3.52, 0.00, 153.37, 308.25, 461.62, 2055.00, 1593.38),
(125, 10, '2025-05-01', '2025-05-31', 1880.00, 100.00, 0.00, 0.00, 0.00, 0.00, 0.00, 0.00, 0.00, 75.00, 0.00, 0.00, 0.00, 0.00, 0.00, 0.00, 0.00, 2310.00, 2385.00, 108.57, 3.00, 36.97, 2.39, 3.52, 0.00, 154.45, 308.25, 462.70, 2055.00, 1592.30),
(126, 10, '2025-06-01', '2025-06-30', 1880.00, 0.00, 0.00, 0.00, 87.00, 0.00, 0.00, 0.00, 0.00, 75.00, 0.00, 0.00, 0.00, 0.00, 0.00, 56.00, 0.00, 2336.33, 2411.33, 109.81, 3.04, 37.38, 2.41, 3.52, 0.00, 156.16, 314.70, 470.86, 2098.00, 1627.14),
(127, 10, '2025-07-01', '2025-07-31', 1880.00, 0.00, 0.00, 0.00, 0.00, 100.00, 0.00, 0.00, 0.00, 0.00, 0.00, 0.00, 0.00, 0.00, 0.00, 0.00, 0.00, 2293.33, 2293.33, 107.79, 2.98, 35.55, 2.29, 0.00, 0.00, 148.61, 297.00, 445.61, 1980.00, 1534.39),
(128, 10, '2025-08-01', '2025-08-31', 1880.00, 0.00, 0.00, 0.00, 0.00, 0.00, 0.00, 0.00, 0.00, 0.00, 0.00, 0.00, 0.00, 0.00, 0.00, 0.00, 0.00, 2193.33, 2193.33, 103.09, 2.85, 34.00, 2.19, 0.00, 0.00, 142.13, 282.00, 424.13, 1880.00, 1455.87),
(129, 10, '2025-09-01', '2025-09-30', 1880.00, 0.00, 0.00, 0.00, 0.00, 98.00, 0.00, 0.00, 0.00, 150.00, 0.00, 0.00, 0.00, 0.00, 0.00, 158.00, 100.00, 2449.33, 2599.33, 115.12, 3.18, 40.29, 2.60, 7.05, 0.00, 168.24, 342.90, 511.14, 2386.00, 1874.86),
(130, 10, '2025-10-01', '2025-10-31', 1880.00, 45.00, 0.00, 0.00, 0.00, 0.00, 0.00, 0.00, 0.00, 0.00, 0.00, 0.00, 0.00, 0.00, 0.00, 120.00, 0.00, 2365.83, 2365.83, 111.19, 3.08, 36.67, 2.37, 0.00, 0.00, 153.31, 306.75, 460.06, 2045.00, 1584.94),
(131, 10, '2025-11-01', '2025-11-30', 1880.00, 0.00, 0.00, 0.00, 100.00, 0.00, 0.00, 0.00, 98.00, 0.00, 0.00, 0.00, 0.00, 0.00, 0.00, 75.00, 0.00, 2466.33, 2466.33, 115.92, 3.21, 38.23, 2.47, 0.00, 0.00, 159.82, 322.95, 482.77, 2153.00, 1670.23),
(132, 10, '2025-12-01', '2025-12-31', 1880.00, 0.00, 0.00, 0.00, 75.00, 0.00, 0.00, 0.00, 0.00, 0.00, 0.00, 0.00, 0.00, 0.00, 0.00, 52.00, 0.00, 2320.33, 2320.33, 109.06, 3.02, 35.97, 2.32, 0.00, 0.00, 150.36, 301.05, 451.41, 2007.00, 1555.59),
(133, 11, '2025-01-01', '2025-01-31', 3430.00, 250.00, 0.00, 175.00, 0.00, 50.00, 0.00, 0.00, 0.00, 0.00, 0.00, 0.00, 0.00, 0.00, 0.00, 0.00, 0.00, 4518.33, 4518.33, 212.36, 5.87, 70.03, 4.52, 0.00, 0.00, 292.79, 683.38, 976.16, 3905.00, 2928.84),
(134, 11, '2025-02-01', '2025-02-28', 3201.33, 74.67, 0.00, 163.33, 0.00, 0.00, 0.00, 0.00, 0.00, 230.00, 0.00, 125.00, 0.00, 0.00, 0.00, 119.47, 0.00, 4142.91, 4372.91, 194.72, 5.39, 67.78, 4.37, 10.81, 0.00, 283.07, 663.04, 946.11, 3913.80, 2967.69),
(135, 11, '2025-03-01', '2025-03-31', 3430.00, 152.00, 0.00, 175.00, 0.00, 0.00, 69.00, 0.00, 0.00, 0.00, 0.00, 420.00, 0.00, 0.00, 0.00, 230.00, 0.00, 4653.00, 4653.00, 218.69, 6.05, 72.12, 4.65, 0.00, 0.00, 301.51, 709.80, 1011.31, 4476.00, 3464.69),
(136, 11, '0000-00-00', '0000-00-00', 3430.00, 0.00, 0.00, 0.00, 0.00, 0.00, 0.00, 0.00, 0.00, 0.00, 0.00, 0.00, 0.00, 0.00, 0.00, 0.00, 0.00, 4001.67, 4001.67, 188.08, 5.20, 62.03, 4.00, 0.00, 0.00, 259.31, 600.25, 859.56, 3430.00, 2570.44),
(137, 11, '2025-04-01', '2025-04-30', 3430.00, 120.00, 0.00, 175.00, 0.00, 0.00, 200.00, 0.00, 0.00, 0.00, 0.00, 0.00, 0.00, 0.00, 0.00, 0.00, 0.00, 4516.67, 4516.67, 212.28, 5.87, 70.01, 4.52, 0.00, 0.00, 292.68, 686.88, 979.56, 3925.00, 2945.44),
(138, 11, '2025-05-01', '2025-05-31', 3430.00, 100.00, 0.00, 175.00, 0.00, 0.00, 0.00, 0.00, 0.00, 0.00, 0.00, 200.00, 0.00, 0.00, 0.00, 180.00, 0.00, 4473.33, 4473.33, 210.25, 5.82, 69.34, 4.47, 0.00, 0.00, 289.87, 679.88, 969.75, 4085.00, 3115.25),
(139, 11, '2025-06-01', '2025-06-30', 3430.00, 0.00, 0.00, 175.00, 0.00, 0.00, 0.00, 0.00, 0.00, 0.00, 0.00, 250.00, 0.00, 0.00, 0.00, 0.00, 300.00, 4176.67, 4176.67, 196.30, 5.43, 64.74, 4.18, 0.00, 0.00, 270.65, 630.88, 901.52, 4155.00, 3253.48),
(140, 11, '2025-07-01', '2025-07-31', 3430.00, 0.00, 0.00, 175.00, 0.00, 0.00, 0.00, 0.00, 0.00, 0.00, 0.00, 0.00, 0.00, 0.00, 0.00, 100.00, 324.00, 4276.67, 4276.67, 201.00, 5.56, 66.29, 4.28, 0.00, 0.00, 277.13, 648.38, 925.50, 4029.00, 3103.50),
(141, 11, '2025-08-01', '2025-08-31', 3430.00, 0.00, 0.00, 175.00, 0.00, 0.00, 0.00, 0.00, 0.00, 0.00, 0.00, 0.00, 0.00, 0.00, 0.00, 0.00, 0.00, 4176.67, 4176.67, 196.30, 5.43, 64.74, 4.18, 0.00, 0.00, 270.65, 630.88, 901.52, 3605.00, 2703.48),
(142, 11, '2025-09-01', '2025-09-30', 3430.00, 138.00, 0.00, 175.00, 0.00, 0.00, 0.00, 210.00, 0.00, 0.00, 0.00, 0.00, 0.00, 0.00, 210.00, 287.00, 0.00, 4834.67, 4834.67, 227.23, 6.29, 74.94, 4.83, 0.00, 0.00, 313.29, 778.75, 1092.04, 4450.00, 3357.96),
(143, 11, '2025-10-01', '2025-10-31', 3430.00, 210.00, 0.00, 175.00, 0.00, 0.00, 0.00, 0.00, 0.00, 287.00, 0.00, 0.00, 0.00, 0.00, 0.00, 128.00, 0.00, 4549.67, 4836.67, 213.83, 5.91, 74.97, 4.84, 13.49, 0.00, 313.04, 740.25, 1053.29, 4230.00, 3176.71),
(144, 11, '2025-11-01', '2025-11-30', 3430.00, 200.00, 0.00, 175.00, 0.00, 0.00, 0.00, 0.00, 0.00, 0.00, 0.00, 0.00, 0.00, 0.00, 0.00, 128.00, 300.00, 4538.00, 4538.00, 213.29, 5.90, 70.34, 4.54, 0.00, 0.00, 294.06, 688.27, 982.34, 4233.00, 3250.66),
(145, 11, '2025-12-01', '2025-12-31', 3430.00, 0.00, 0.00, 175.00, 0.00, 0.00, 0.00, 0.00, 0.00, 0.00, 0.00, 0.00, 0.00, 0.00, 0.00, 128.00, 0.00, 4304.67, 4304.67, 202.32, 5.60, 66.72, 4.30, 0.00, 0.00, 278.94, 653.27, 932.22, 3733.00, 2800.78),
(146, 170, '2025-01-01', '2025-01-31', 1345.56, 50.00, 0.00, 0.00, 0.00, 0.00, 0.00, 0.00, 0.00, 0.00, 0.00, 0.00, 0.00, 0.00, 0.00, 28.00, 0.00, 1656.15, 1656.15, 77.84, 2.15, 25.67, 1.66, 0.00, 0.00, 107.32, 170.83, 278.15, 1423.56, 1145.41),
(147, 170, '2025-02-01', '2025-02-28', 1255.86, 0.00, 0.00, 0.00, 0.00, 0.00, 0.00, 0.00, 0.00, 0.00, 0.00, 0.00, 0.00, 0.00, 0.00, 0.00, 0.00, 1480.12, 1480.12, 69.57, 1.92, 22.94, 1.48, 0.00, 0.00, 95.91, 150.70, 246.61, 1255.86, 1009.25),
(148, 170, '2025-03-01', '2025-03-31', 1345.56, 75.00, 0.00, 0.00, 0.00, 0.00, 0.00, 0.00, 0.00, 100.00, 0.00, 0.00, 0.00, 0.00, 0.00, 0.00, 0.00, 1657.32, 1757.32, 77.89, 2.15, 27.24, 1.76, 4.70, 0.00, 113.74, 182.47, 296.21, 1520.56, 1224.35),
(149, 170, '2025-04-01', '2025-04-30', 1345.56, 0.00, 0.00, 0.00, 0.00, 0.00, 0.00, 0.00, 0.00, 75.00, 0.00, 0.00, 0.00, 0.00, 0.00, 87.00, 0.00, 1656.82, 1731.82, 77.87, 2.15, 26.84, 1.73, 3.52, 0.00, 112.12, 180.91, 293.03, 1507.56, 1214.53),
(150, 170, '2025-05-01', '2025-05-31', 1345.56, 45.00, 0.00, 0.00, 0.00, 0.00, 0.00, 0.00, 50.00, 0.00, 0.00, 0.00, 0.00, 0.00, 0.00, 0.00, 0.00, 1672.32, 1672.32, 78.60, 2.17, 25.92, 1.67, 0.00, 0.00, 108.37, 172.87, 281.23, 1440.56, 1159.33),
(151, 170, '2025-06-01', '2025-06-30', 1345.56, 87.00, 0.00, 0.00, 0.00, 0.00, 0.00, 0.00, 0.00, 0.00, 0.00, 0.00, 0.00, 0.00, 0.00, 50.00, 0.00, 1721.32, 1721.32, 80.90, 2.24, 26.68, 1.72, 0.00, 0.00, 111.54, 177.91, 289.45, 1482.56, 1193.11),
(152, 170, '2025-07-01', '2025-07-31', 1345.56, 0.00, 0.00, 0.00, 0.00, 80.00, 0.00, 0.00, 0.00, 0.00, 0.00, 0.00, 0.00, 0.00, 0.00, 0.00, 0.00, 1649.82, 1649.82, 77.54, 2.14, 25.57, 1.65, 0.00, 0.00, 106.91, 171.07, 277.98, 1425.56, 1147.58),
(153, 170, '2025-08-01', '2025-08-31', 1345.56, 0.00, 0.00, 0.00, 0.00, 0.00, 0.00, 0.00, 0.00, 0.00, 0.00, 0.00, 0.00, 0.00, 0.00, 0.00, 0.00, 1569.82, 1569.82, 73.78, 2.04, 24.33, 1.57, 0.00, 0.00, 101.72, 161.47, 263.19, 1345.56, 1082.37),
(154, 170, '2025-09-01', '2025-09-30', 1345.56, 100.00, 0.00, 0.00, 0.00, 0.00, 0.00, 0.00, 0.00, 0.00, 0.00, 0.00, 0.00, 0.00, 0.00, 150.00, 0.00, 1836.49, 1836.49, 86.31, 2.39, 28.47, 1.84, 0.00, 0.00, 119.00, 191.47, 310.47, 1595.56, 1285.09),
(155, 170, '2025-10-01', '2025-10-31', 1345.56, 50.00, 0.00, 0.00, 0.00, 0.00, 0.00, 0.00, 62.00, 150.00, 0.00, 0.00, 0.00, 0.00, 0.00, 0.00, 0.00, 1690.15, 1840.15, 79.44, 2.20, 28.52, 1.84, 7.05, 0.00, 119.05, 192.91, 311.95, 1607.56, 1295.61),
(156, 170, '2025-11-01', '2025-11-30', 1345.56, 0.00, 0.00, 0.00, 0.00, 0.00, 0.00, 50.00, 90.00, 170.00, 0.00, 0.00, 0.00, 0.00, 0.00, 0.00, 0.00, 1709.82, 1879.82, 80.36, 2.22, 29.14, 1.88, 7.99, 0.00, 121.59, 198.67, 320.26, 1655.56, 1335.30),
(157, 170, '2025-12-01', '2025-12-31', 1345.56, 0.00, 0.00, 0.00, 0.00, 0.00, 0.00, 0.00, 0.00, 0.00, 0.00, 0.00, 0.00, 0.00, 0.00, 80.00, 0.00, 1649.82, 1649.82, 77.54, 2.14, 25.57, 1.65, 0.00, 0.00, 106.91, 171.07, 277.98, 1425.56, 1147.58),
(158, 12, '2025-01-01', '2025-01-31', 2750.00, 250.00, 0.00, 0.00, 320.00, 0.00, 0.00, 0.00, 0.00, 0.00, 0.00, 0.00, 0.00, 0.00, 0.00, 0.00, 0.00, 3820.00, 3820.00, 179.54, 4.97, 59.21, 3.82, 0.00, 0.00, 247.54, 581.00, 828.54, 3320.00, 2491.46),
(159, 12, '2025-02-01', '2025-02-28', 2566.67, 0.00, 0.00, 0.00, 0.00, 0.00, 0.00, 0.00, 0.00, 150.00, 0.00, 0.00, 0.00, 0.00, 0.00, 0.00, 0.00, 3025.00, 3175.00, 142.18, 3.93, 49.21, 3.18, 7.05, 0.00, 205.55, 475.42, 680.96, 2716.67, 2035.71),
(160, 12, '2025-03-01', '2025-03-31', 2750.00, 200.00, 0.00, 0.00, 120.00, 0.00, 0.00, 0.00, 0.00, 0.00, 0.00, 0.00, 0.00, 0.00, 0.00, 50.00, 0.00, 3611.67, 3611.67, 169.75, 4.70, 55.98, 3.61, 0.00, 0.00, 234.04, 546.00, 780.04, 3120.00, 2339.96),
(161, 12, '2025-04-01', '2025-04-30', 2750.00, 200.00, 120.00, 0.00, 184.00, 0.00, 0.00, 0.00, 0.00, 120.00, 0.00, 0.00, 0.00, 0.00, 0.00, 100.00, 0.00, 3845.67, 3965.67, 180.75, 5.00, 61.47, 3.97, 5.64, 0.00, 256.82, 607.95, 864.77, 3474.00, 2609.23),
(162, 12, '2025-05-01', '2025-05-31', 2750.00, 100.00, 120.00, 0.00, 0.00, 0.00, 0.00, 0.00, 0.00, 0.00, 0.00, 200.00, 0.00, 0.00, 0.00, 175.00, 0.00, 3620.00, 3620.00, 170.14, 4.71, 56.11, 3.62, 0.00, 0.00, 234.58, 550.38, 784.95, 3345.00, 2560.05),
(163, 12, '2025-06-01', '2025-06-30', 2750.00, 0.00, 145.00, 0.00, 0.00, 0.00, 0.00, 0.00, 50.00, 0.00, 0.00, 320.00, 0.00, 0.00, 0.00, 180.00, 0.00, 3583.33, 3583.33, 168.42, 4.66, 55.54, 3.58, 0.00, 0.00, 232.20, 546.88, 779.08, 3445.00, 2665.93),
(164, 12, '2025-07-01', '2025-07-31', 2750.00, 160.00, 0.00, 0.00, 0.00, 0.00, 0.00, 0.00, 0.00, 0.00, 0.00, 0.00, 0.00, 0.00, 0.00, 75.00, 320.00, 3470.00, 3470.00, 163.09, 4.51, 53.78, 3.47, 0.00, 0.00, 224.86, 522.38, 747.23, 3305.00, 2557.77),
(165, 12, '2025-08-01', '2025-08-31', 2750.00, 0.00, 0.00, 0.00, 0.00, 0.00, 0.00, 0.00, 0.00, 0.00, 0.00, 0.00, 0.00, 0.00, 0.00, 0.00, 0.00, 3208.33, 3208.33, 150.79, 4.17, 49.73, 3.21, 0.00, 0.00, 207.90, 481.25, 689.15, 2750.00, 2060.85),
(166, 12, '2025-09-01', '2025-09-30', 2750.00, 170.00, 150.00, 0.00, 0.00, 0.00, 0.00, 0.00, 0.00, 200.00, 0.00, 0.00, 0.00, 0.00, 0.00, 180.00, 0.00, 3736.67, 3936.67, 175.62, 4.86, 61.02, 3.94, 9.40, 0.00, 254.84, 603.75, 858.59, 3450.00, 2591.41),
(167, 12, '2025-10-01', '2025-10-31', 2750.00, 200.00, 0.00, 0.00, 0.00, 0.00, 0.00, 0.00, 0.00, 0.00, 0.00, 187.00, 0.00, 0.00, 0.00, 180.00, 0.00, 3621.67, 3621.67, 170.22, 4.71, 56.14, 3.62, 0.00, 0.00, 234.68, 547.75, 782.43, 3317.00, 2534.57),
(168, 12, '2025-11-01', '2025-11-30', 2750.00, 0.00, 187.00, 0.00, 0.00, 0.00, 0.00, 200.00, 0.00, 150.00, 0.00, 0.00, 0.00, 0.00, 0.00, 180.00, 0.00, 3775.33, 3925.33, 177.44, 4.91, 60.84, 3.93, 7.05, 0.00, 254.17, 606.72, 860.89, 3467.00, 2606.11),
(169, 12, '2025-12-01', '2025-12-31', 2750.00, 150.00, 0.00, 0.00, 75.00, 0.00, 0.00, 0.00, 0.00, 0.00, 0.00, 0.00, 0.00, 0.00, 0.00, 180.00, 170.00, 3638.33, 3638.33, 171.00, 4.73, 56.39, 3.64, 0.00, 0.00, 235.76, 552.13, 787.89, 3325.00, 2537.11),
(170, 13, '2025-01-01', '2025-01-31', 4500.00, 200.00, 0.00, 0.00, 0.00, 0.00, 43.00, 0.00, 0.00, 170.00, 0.00, 0.00, 0.00, 0.00, 0.00, 180.00, 0.00, 5706.33, 5876.33, 268.20, 7.42, 91.08, 5.88, 7.99, 0.00, 380.57, 942.21, 1322.77, 5093.00, 3770.23),
(171, 13, '2025-02-01', '2025-02-28', 4200.00, 0.00, 72.80, 64.40, 0.00, 0.00, 0.00, 0.00, 0.00, 0.00, 0.00, 124.00, 0.00, 0.00, 0.00, 0.00, 237.00, 5087.20, 5087.20, 239.10, 6.61, 78.85, 5.09, 0.00, 0.00, 329.65, 802.38, 1132.03, 4698.20, 3566.17),
(172, 13, '2025-03-01', '2025-03-31', 4500.00, 187.00, 0.00, 0.00, 54.00, 136.00, 0.00, 0.00, 0.00, 0.00, 0.00, 0.00, 0.00, 0.00, 0.00, 120.00, 0.00, 5778.17, 5778.17, 271.57, 7.51, 89.56, 5.78, 0.00, 0.00, 374.43, 924.44, 1298.87, 4997.00, 3698.13),
(173, 13, '2025-04-01', '2025-04-30', 4500.00, 250.00, 0.00, 231.00, 0.00, 0.00, 120.00, 0.00, 0.00, 0.00, 0.00, 265.00, 0.00, 0.00, 0.00, 180.00, 0.00, 6072.67, 6072.67, 285.42, 7.89, 94.13, 6.07, 0.00, 0.00, 393.51, 976.99, 1370.49, 5546.00, 4175.51),
(174, 13, '2025-05-01', '2025-05-31', 4500.00, 140.00, 56.00, 180.00, 0.00, 0.00, 0.00, 0.00, 0.00, 175.00, 0.00, 0.00, 0.00, 0.00, 0.00, 180.00, 0.00, 5829.33, 6004.33, 273.98, 7.58, 93.07, 6.00, 8.22, 0.00, 388.85, 967.74, 1356.59, 5231.00, 3874.41),
(175, 13, '2025-06-01', '2025-06-30', 4500.00, 100.00, 0.00, 175.00, 0.00, 0.00, 86.00, 0.00, 0.00, 0.00, 0.00, 0.00, 0.00, 0.00, 0.00, 180.00, 0.00, 5807.67, 5807.67, 272.96, 7.55, 90.02, 5.81, 0.00, 0.00, 376.34, 932.59, 1308.92, 5041.00, 3732.08),
(176, 13, '2025-07-01', '2025-07-31', 4500.00, 160.00, 0.00, 175.00, 180.00, 0.00, 0.00, 0.00, 0.00, 0.00, 0.00, 0.00, 0.00, 0.00, 0.00, 180.00, 234.00, 5971.67, 5971.67, 280.67, 7.76, 92.56, 5.97, 0.00, 0.00, 386.96, 961.07, 1348.04, 5429.00, 4080.96),
(177, 13, '2025-08-01', '2025-08-31', 4500.00, 0.00, 0.00, 175.00, 0.00, 0.00, 0.00, 0.00, 0.00, 0.00, 0.00, 0.00, 0.00, 0.00, 0.00, 0.00, 0.00, 5425.00, 5425.00, 254.97, 7.05, 84.09, 5.42, 0.00, 0.00, 351.54, 864.88, 1216.41, 4675.00, 3458.59),
(178, 13, '2025-09-01', '2025-09-30', 4500.00, 230.00, 0.00, 175.00, 80.00, 0.00, 0.00, 0.00, 0.00, 0.00, 0.00, 167.00, 0.00, 0.00, 0.00, 180.00, 0.00, 5953.33, 5953.33, 279.81, 7.74, 92.28, 5.95, 0.00, 0.00, 385.78, 955.52, 1341.30, 5332.00, 3990.70),
(179, 13, '2025-10-01', '2025-10-31', 4500.00, 150.00, 0.00, 175.00, 80.00, 0.00, 0.00, 0.00, 0.00, 75.00, 0.00, 168.00, 0.00, 0.00, 0.00, 100.00, 0.00, 5780.00, 5855.00, 271.66, 7.51, 90.75, 5.86, 3.52, 0.00, 379.31, 939.80, 1319.11, 5248.00, 3928.89),
(180, 13, '2025-11-01', '2025-11-30', 4500.00, 175.00, 57.00, 175.00, 0.00, 0.00, 0.00, 0.00, 80.00, 0.00, 0.00, 0.00, 0.00, 0.00, 0.00, 180.00, 0.00, 5946.17, 5946.17, 279.47, 7.73, 92.17, 5.95, 0.00, 0.00, 385.31, 955.89, 1341.21, 5167.00, 3825.79),
(181, 13, '2025-12-01', '2025-12-31', 4500.00, 175.00, 0.00, 175.00, 0.00, 0.00, 0.00, 0.00, 0.00, 0.00, 0.00, 0.00, 0.00, 0.00, 0.00, 0.00, 240.00, 5629.17, 5629.17, 264.57, 7.32, 87.25, 5.63, 0.00, 0.00, 364.77, 897.25, 1262.02, 5090.00, 3827.98),
(182, 14, '2025-01-01', '2025-01-31', 3100.00, 120.00, 0.00, 75.00, 69.00, 0.00, 0.00, 0.00, 0.00, 0.00, 0.00, 0.00, 0.00, 0.00, 0.00, 80.00, 0.00, 3980.67, 3980.67, 187.09, 5.17, 61.70, 3.98, 0.00, 0.00, 257.95, 568.26, 826.21, 3444.00, 2617.79),
(183, 14, '2025-02-01', '2025-02-28', 2893.33, 0.00, 0.00, 70.00, 0.00, 0.00, 0.00, 0.00, 0.00, 0.00, 0.00, 0.00, 0.00, 0.00, 0.00, 74.67, 0.00, 3554.67, 3554.67, 167.07, 4.62, 55.10, 3.55, 0.00, 0.00, 230.34, 501.27, 731.61, 3038.00, 2306.39),
(184, 14, '2025-03-01', '2025-03-31', 3100.00, 157.00, 0.00, 75.00, 80.00, 0.00, 0.00, 0.00, 0.00, 0.00, 0.00, 327.00, 0.00, 0.00, 0.00, 80.00, 0.00, 4034.83, 4034.83, 189.64, 5.25, 62.54, 4.03, 0.00, 0.00, 261.46, 576.18, 837.64, 3819.00, 2981.36),
(185, 14, '2025-04-01', '2025-04-30', 3100.00, 90.00, 0.00, 75.00, 97.00, 0.00, 0.00, 0.00, 0.00, 0.00, 0.00, 0.00, 0.00, 0.00, 0.00, 80.00, 285.00, 3973.67, 3973.67, 186.76, 5.17, 61.59, 3.97, 0.00, 0.00, 257.49, 567.93, 825.42, 3727.00, 2901.58),
(186, 14, '2025-05-01', '2025-05-31', 3100.00, 75.00, 148.00, 75.00, 0.00, 0.00, 0.00, 0.00, 64.00, 0.00, 0.00, 0.00, 0.00, 0.00, 0.00, 80.00, 0.00, 4071.17, 4071.17, 191.34, 5.29, 63.10, 4.07, 0.00, 0.00, 263.81, 584.43, 848.24, 3542.00, 2693.76),
(187, 14, '2025-06-01', '2025-06-30', 3100.00, 100.00, 0.00, 75.00, 0.00, 0.00, 0.00, 0.00, 0.00, 0.00, 0.00, 0.00, 0.00, 0.00, 0.00, 80.00, 0.00, 3888.33, 3888.33, 182.75, 5.05, 60.27, 3.89, 0.00, 0.00, 251.96, 553.58, 805.54, 3355.00, 2549.46),
(188, 14, '2025-07-01', '2025-07-31', 3100.00, 0.00, 0.00, 75.00, 0.00, 0.00, 0.00, 0.00, 0.00, 0.00, 0.00, 0.00, 0.00, 0.00, 0.00, 80.00, 0.00, 3771.67, 3771.67, 177.27, 4.90, 58.46, 3.77, 0.00, 0.00, 244.40, 537.08, 781.48, 3255.00, 2473.52),
(189, 14, '2025-08-01', '2025-08-31', 3100.00, 0.00, 0.00, 75.00, 0.00, 0.00, 0.00, 0.00, 0.00, 0.00, 0.00, 0.00, 0.00, 0.00, 0.00, 0.00, 0.00, 3691.67, 3691.67, 173.51, 4.80, 57.22, 3.69, 0.00, 0.00, 239.22, 523.88, 763.10, 3175.00, 2411.90),
(190, 14, '2025-09-01', '2025-09-30', 3100.00, 168.00, 0.00, 75.00, 0.00, 0.00, 0.00, 0.00, 0.00, 0.00, 0.00, 128.00, 0.00, 0.00, 0.00, 80.00, 0.00, 3967.67, 3967.67, 186.48, 5.16, 61.50, 3.97, 0.00, 0.00, 257.10, 564.80, 821.90, 3551.00, 2729.10),
(191, 14, '2025-10-01', '2025-10-31', 3100.00, 100.00, 0.00, 75.00, 0.00, 0.00, 0.00, 0.00, 0.00, 0.00, 0.00, 0.00, 0.00, 0.00, 0.00, 80.00, 231.00, 3888.33, 3888.33, 182.75, 5.05, 60.27, 3.89, 0.00, 0.00, 251.96, 553.58, 805.54, 3586.00, 2780.46),
(192, 14, '2025-11-01', '2025-11-30', 3100.00, 100.00, 0.00, 75.00, 0.00, 50.00, 0.00, 0.00, 0.00, 50.00, 0.00, 0.00, 0.00, 0.00, 0.00, 0.00, 0.00, 3858.33, 3908.33, 181.34, 5.02, 60.58, 3.91, 2.35, 0.00, 253.19, 556.88, 810.07, 3375.00, 2564.93),
(193, 14, '2025-12-01', '2025-12-31', 3100.00, 50.00, 0.00, 75.00, 0.00, 0.00, 0.00, 0.00, 0.00, 0.00, 0.00, 0.00, 0.00, 0.00, 0.00, 0.00, 0.00, 3750.00, 3750.00, 176.25, 4.88, 58.13, 3.75, 0.00, 0.00, 243.00, 532.13, 775.13, 3225.00, 2449.88),
(194, 15, '2025-01-01', '2025-01-31', 2950.00, 20.00, 0.00, 0.00, 0.00, 150.00, 0.00, 0.00, 0.00, 0.00, 0.00, 0.00, 0.00, 0.00, 0.00, 200.00, 0.00, 3815.00, 3815.00, 179.31, 4.96, 59.13, 3.81, 0.00, 0.00, 247.21, 614.20, 861.41, 3320.00, 2458.59),
(195, 15, '2025-02-01', '2025-02-28', 2753.33, 75.60, 0.00, 0.00, 0.00, 0.00, 0.00, 0.00, 0.00, 150.00, 0.00, 0.00, 0.00, 0.00, 0.00, 0.00, 0.00, 3333.20, 3483.20, 156.66, 4.33, 53.99, 3.48, 7.05, 0.00, 225.52, 551.10, 776.62, 2978.93, 2202.31),
(196, 15, '2025-03-01', '2025-03-31', 2950.00, 39.00, 0.00, 0.00, 0.00, 65.00, 0.00, 0.00, 0.00, 0.00, 0.00, 0.00, 0.00, 0.00, 0.00, 100.00, 0.00, 3652.17, 3652.17, 171.65, 4.75, 56.61, 3.65, 0.00, 0.00, 236.66, 583.49, 820.15, 3154.00, 2333.85),
(197, 15, '2025-04-01', '2025-04-30', 2950.00, 150.00, 40.00, 0.00, 0.00, 0.00, 0.00, 0.00, 0.00, 0.00, 0.00, 0.00, 0.00, 0.00, 0.00, 0.00, 0.00, 3656.67, 3656.67, 171.86, 4.75, 56.68, 3.66, 0.00, 0.00, 236.95, 580.90, 817.85, 3140.00, 2322.15),
(198, 15, '2025-05-01', '2025-05-31', 2950.00, 100.00, 0.00, 0.00, 0.00, 0.00, 0.00, 0.00, 80.00, 0.00, 0.00, 0.00, 0.00, 0.00, 0.00, 100.00, 369.00, 3738.33, 3738.33, 175.70, 4.86, 57.94, 3.74, 0.00, 0.00, 242.24, 597.55, 839.79, 3599.00, 2759.21),
(199, 15, '2025-06-01', '2025-06-30', 2950.00, 0.00, 0.00, 0.00, 0.00, 0.00, 0.00, 0.00, 80.00, 0.00, 0.00, 300.00, 0.00, 0.00, 0.00, 80.00, 0.00, 3601.67, 3601.67, 169.28, 4.68, 55.83, 3.60, 0.00, 0.00, 233.39, 575.35, 808.74, 3410.00, 2601.26),
(200, 15, '2025-07-01', '2025-07-31', 2950.00, 100.00, 0.00, 0.00, 0.00, 0.00, 0.00, 0.00, 0.00, 0.00, 0.00, 0.00, 0.00, 0.00, 0.00, 0.00, 300.00, 3558.33, 3558.33, 167.24, 4.63, 55.15, 3.56, 0.00, 0.00, 230.58, 564.25, 794.83, 3350.00, 2555.17),
(201, 15, '2025-08-01', '2025-08-31', 2950.00, 0.00, 0.00, 0.00, 0.00, 0.00, 0.00, 0.00, 0.00, 0.00, 0.00, 0.00, 0.00, 0.00, 0.00, 0.00, 0.00, 3441.67, 3441.67, 161.76, 4.47, 53.35, 3.44, 0.00, 0.00, 223.02, 545.75, 768.77, 2950.00, 2181.23),
(202, 15, '2025-09-01', '2025-09-30', 2950.00, 100.00, 75.00, 0.00, 0.00, 0.00, 0.00, 0.00, 0.00, 123.00, 0.00, 0.00, 0.00, 0.00, 0.00, 80.00, 0.00, 3713.33, 3836.33, 174.53, 4.83, 59.46, 3.84, 5.78, 0.00, 248.43, 615.68, 864.11, 3328.00, 2463.89),
(203, 15, '2025-10-01', '2025-10-31', 2950.00, 75.00, 0.00, 0.00, 0.00, 0.00, 28.00, 0.00, 0.00, 0.00, 0.00, 120.00, 0.00, 0.00, 0.00, 0.00, 0.00, 3557.17, 3557.17, 167.19, 4.62, 55.14, 3.56, 0.00, 0.00, 230.50, 564.80, 795.31, 3173.00, 2377.69),
(204, 15, '2025-11-01', '2025-11-30', 2950.00, 0.00, 50.00, 0.00, 187.00, 0.00, 0.00, 0.00, 0.00, 0.00, 0.00, 0.00, 0.00, 0.00, 0.00, 75.00, 0.00, 3753.67, 3753.67, 176.42, 4.88, 58.18, 3.75, 0.00, 0.00, 243.24, 603.47, 846.71, 3262.00, 2415.29),
(205, 15, '2025-12-01', '2025-12-31', 2950.00, 150.00, 0.00, 0.00, 0.00, 0.00, 0.00, 0.00, 0.00, 0.00, 0.00, 0.00, 0.00, 0.00, 0.00, 0.00, 120.00, 3616.67, 3616.67, 169.98, 4.70, 56.06, 3.62, 0.00, 0.00, 234.36, 573.50, 807.86, 3220.00, 2412.14),
(206, 16, '2025-01-01', '2025-01-31', 1650.00, 50.00, 0.00, 0.00, 0.00, 0.00, 0.00, 0.00, 0.00, 0.00, 0.00, 0.00, 0.00, 0.00, 0.00, 70.00, 0.00, 2053.33, 2053.33, 96.51, 2.67, 31.83, 2.05, 0.00, 0.00, 133.06, 212.40, 345.46, 1770.00, 1424.54),
(207, 16, '2025-02-01', '2025-02-28', 1540.00, 0.00, 0.00, 0.00, 0.00, 0.00, 0.00, 0.00, 0.00, 150.00, 0.00, 0.00, 0.00, 0.00, 0.00, 0.00, 0.00, 1815.00, 1965.00, 85.31, 2.36, 30.46, 1.97, 7.05, 0.00, 127.14, 202.80, 329.94, 1690.00, 1360.06);
INSERT INTO `nominas` (`id_nomina`, `id_empleado`, `fecha_inicio`, `fecha_fin`, `salario_base`, `incentivos`, `plus_especial_dedicacion`, `plus_antiguedad`, `plus_actividad`, `plus_nocturnidad`, `plus_responsabilidad`, `plus_convenio`, `plus_idiomas`, `horas_extra`, `horas_complementarias`, `salario_especie`, `indemnizaciones`, `indemnizaciones_ss`, `indemnizaciones_despido`, `plus_transporte`, `dietas`, `base_cc`, `base_cp`, `importe_cc`, `importe_MEI`, `importe_desempleo`, `importe_fp`, `importe_horas_extra`, `importe_horas_extra_fuerza_mayor`, `cotizacion_ss`, `importe_irpf`, `total_deducciones`, `total_devengado`, `salario_neto`) VALUES
(208, 16, '2025-03-01', '2025-03-31', 1650.00, 75.00, 0.00, 0.00, 80.00, 0.00, 0.00, 0.00, 0.00, 0.00, 0.00, 0.00, 0.00, 0.00, 0.00, 50.00, 0.00, 2142.50, 2142.50, 100.70, 2.79, 33.21, 2.14, 0.00, 0.00, 138.83, 222.60, 361.43, 1855.00, 1493.57),
(209, 16, '2025-04-01', '2025-04-30', 1650.00, 150.00, 0.00, 0.00, 0.00, 0.00, 0.00, 0.00, 0.00, 0.00, 0.00, 0.00, 0.00, 0.00, 0.00, 0.00, 0.00, 2100.00, 2100.00, 98.70, 2.73, 32.55, 2.10, 0.00, 0.00, 136.08, 216.00, 352.08, 1800.00, 1447.92),
(210, 16, '2025-05-01', '2025-05-31', 1650.00, 0.00, 0.00, 0.00, 80.00, 0.00, 0.00, 0.00, 0.00, 0.00, 0.00, 0.00, 0.00, 0.00, 0.00, 40.00, 0.00, 2045.00, 2045.00, 96.11, 2.66, 31.70, 2.04, 0.00, 0.00, 132.52, 212.40, 344.92, 1770.00, 1425.08),
(211, 16, '2025-06-01', '2025-06-30', 1650.00, 0.00, 0.00, 0.00, 15.00, 0.00, 0.00, 0.00, 0.00, 75.00, 0.00, 0.00, 0.00, 0.00, 0.00, 50.00, 0.00, 1990.00, 2065.00, 93.53, 2.59, 32.01, 2.06, 3.52, 0.00, 133.71, 214.80, 348.51, 1790.00, 1441.49),
(212, 16, '2025-07-01', '2025-07-31', 1650.00, 0.00, 0.00, 0.00, 0.00, 0.00, 0.00, 0.00, 0.00, 0.00, 0.00, 0.00, 0.00, 0.00, 0.00, 80.00, 0.00, 2005.00, 2005.00, 94.23, 2.61, 31.08, 2.00, 0.00, 0.00, 129.92, 207.60, 337.52, 1730.00, 1392.48),
(213, 16, '2025-08-01', '2025-08-31', 1650.00, 0.00, 0.00, 0.00, 0.00, 0.00, 0.00, 0.00, 0.00, 0.00, 0.00, 0.00, 0.00, 0.00, 0.00, 0.00, 0.00, 1925.00, 1925.00, 90.47, 2.50, 29.84, 1.93, 0.00, 0.00, 124.74, 198.00, 322.74, 1650.00, 1327.26),
(214, 16, '2025-09-01', '2025-09-30', 1650.00, 0.00, 0.00, 0.00, 0.00, 0.00, 0.00, 0.00, 50.00, 0.00, 0.00, 0.00, 0.00, 0.00, 0.00, 75.00, 0.00, 2050.00, 2050.00, 96.35, 2.67, 31.77, 2.05, 0.00, 0.00, 132.84, 213.00, 345.84, 1775.00, 1429.16),
(215, 16, '2025-10-01', '2025-10-31', 1650.00, 60.00, 0.00, 0.00, 0.00, 0.00, 0.00, 0.00, 0.00, 0.00, 0.00, 0.00, 0.00, 0.00, 0.00, 50.00, 0.00, 2045.00, 2045.00, 96.11, 2.66, 31.70, 2.04, 0.00, 0.00, 132.52, 211.20, 343.72, 1760.00, 1416.28),
(216, 16, '2025-11-01', '2025-11-30', 1650.00, 0.00, 0.00, 0.00, 0.00, 0.00, 0.00, 0.00, 50.00, 0.00, 0.00, 0.00, 0.00, 0.00, 0.00, 75.00, 0.00, 2050.00, 2050.00, 96.35, 2.67, 31.77, 2.05, 0.00, 0.00, 132.84, 213.00, 345.84, 1775.00, 1429.16),
(217, 16, '2025-12-01', '2025-12-31', 1650.00, 100.00, 0.00, 0.00, 0.00, 0.00, 0.00, 0.00, 0.00, 0.00, 0.00, 0.00, 0.00, 0.00, 0.00, 0.00, 0.00, 2041.67, 2041.67, 95.96, 2.65, 31.65, 2.04, 0.00, 0.00, 132.30, 210.00, 342.30, 1750.00, 1407.70),
(218, 17, '2025-01-01', '2025-01-31', 2950.00, 150.00, 0.00, 0.00, 75.00, 0.00, 0.00, 0.00, 0.00, 80.00, 0.00, 0.00, 0.00, 0.00, 0.00, 50.00, 0.00, 3741.67, 3821.67, 175.86, 4.86, 59.24, 3.82, 3.76, 0.00, 247.54, 545.33, 792.87, 3305.00, 2512.14),
(219, 17, '2025-02-01', '2025-02-28', 2753.33, 0.00, 0.00, 0.00, 0.00, 0.00, 0.00, 0.00, 0.00, 80.00, 0.00, 0.00, 0.00, 0.00, 0.00, 0.00, 0.00, 3245.00, 3325.00, 152.51, 4.22, 51.54, 3.32, 3.76, 0.00, 215.36, 467.50, 682.86, 2833.33, 2150.47),
(220, 17, '2025-03-01', '2025-03-31', 2950.00, 175.00, 80.00, 0.00, 0.00, 0.00, 150.00, 0.00, 0.00, 0.00, 0.00, 300.00, 0.00, 0.00, 0.00, 0.00, 0.00, 3875.83, 3875.83, 182.16, 5.04, 60.08, 3.88, 0.00, 0.00, 251.15, 553.58, 804.73, 3655.00, 2850.27),
(221, 17, '2025-04-01', '2025-04-30', 2950.00, 160.00, 0.00, 0.00, 0.00, 0.00, 80.00, 0.00, 0.00, 0.00, 0.00, 0.00, 0.00, 0.00, 0.00, 80.00, 0.00, 3788.33, 3788.33, 178.05, 4.92, 58.72, 3.79, 0.00, 0.00, 245.48, 539.55, 785.03, 3270.00, 2484.97),
(222, 17, '2025-05-01', '2025-05-31', 2950.00, 90.00, 0.00, 0.00, 140.00, 0.00, 0.00, 0.00, 0.00, 0.00, 0.00, 0.00, 0.00, 0.00, 0.00, 100.00, 180.00, 3786.67, 3786.67, 177.97, 4.92, 58.69, 3.79, 0.00, 0.00, 245.38, 541.20, 786.58, 3460.00, 2673.42),
(223, 17, '2025-06-01', '2025-06-30', 2950.00, 200.00, 0.00, 0.00, 0.00, 57.00, 0.00, 0.00, 0.00, 0.00, 0.00, 0.00, 0.00, 0.00, 0.00, 92.00, 0.00, 3824.00, 3824.00, 179.73, 4.97, 59.27, 3.82, 0.00, 0.00, 247.80, 544.34, 792.13, 3299.00, 2506.87),
(224, 17, '2025-07-01', '2025-06-30', 0.00, 0.00, 0.00, 0.00, 0.00, 0.00, 0.00, 0.00, 0.00, 0.00, 0.00, 120.00, 0.00, 0.00, 0.00, 0.00, 300.00, 491.67, 491.67, 23.11, 0.64, 7.62, 0.49, 0.00, 0.00, 31.86, 0.00, 31.86, 420.00, 388.14),
(225, 17, '0000-00-00', '0000-00-00', 2950.00, 0.00, 0.00, 0.00, 0.00, 0.00, 0.00, 0.00, 0.00, 0.00, 0.00, 0.00, 0.00, 0.00, 0.00, 0.00, 0.00, 3441.67, 3441.67, 161.76, 4.47, 53.35, 3.44, 0.00, 0.00, 223.02, 486.75, 709.77, 2950.00, 2240.23),
(226, 17, '2025-07-28', '0000-00-00', 2950.00, 0.00, 0.00, 0.00, 0.00, 0.00, 0.00, 0.00, 0.00, 0.00, 0.00, 0.00, 0.00, 0.00, 0.00, 0.00, 0.00, 3441.67, 3441.67, 161.76, 4.47, 53.35, 3.44, 0.00, 0.00, 223.02, 486.75, 709.77, 2950.00, 2240.23),
(227, 17, '2025-07-01', '2025-07-31', 2950.00, 100.00, 0.00, 0.00, 0.00, 0.00, 0.00, 0.00, 0.00, 0.00, 0.00, 0.00, 0.00, 0.00, 0.00, 80.00, 0.00, 3638.33, 3638.33, 171.00, 4.73, 56.39, 3.64, 0.00, 0.00, 235.76, 516.45, 752.21, 3130.00, 2377.79),
(228, 17, '2025-08-01', '2025-08-31', 2950.00, 0.00, 0.00, 0.00, 0.00, 0.00, 0.00, 0.00, 0.00, 0.00, 0.00, 0.00, 0.00, 0.00, 0.00, 0.00, 0.00, 3441.67, 3441.67, 161.76, 4.47, 53.35, 3.44, 0.00, 0.00, 223.02, 486.75, 709.77, 2950.00, 2240.23),
(229, 17, '2025-06-01', '2025-06-30', 2950.00, 0.00, 120.00, 0.00, 80.00, 0.00, 0.00, 0.00, 0.00, 0.00, 0.00, 120.00, 0.00, 0.00, 0.00, 0.00, 300.00, 3641.67, 3641.67, 171.16, 4.73, 56.45, 3.64, 0.00, 0.00, 235.98, 519.75, 755.73, 3570.00, 2814.27),
(230, 17, '2025-09-01', '2025-09-30', 2950.00, 100.00, 0.00, 0.00, 0.00, 0.00, 0.00, 0.00, 0.00, 80.00, 0.00, 0.00, 0.00, 0.00, 0.00, 150.00, 0.00, 3708.33, 3788.33, 174.29, 4.82, 58.72, 3.79, 3.76, 0.00, 245.38, 541.20, 786.58, 3280.00, 2493.42),
(231, 17, '2025-10-01', '2025-10-31', 2950.00, 250.00, 0.00, 0.00, 80.00, 0.00, 0.00, 0.00, 0.00, 0.00, 0.00, 150.00, 0.00, 0.00, 0.00, 80.00, 0.00, 3893.33, 3893.33, 182.99, 5.06, 60.35, 3.89, 0.00, 0.00, 252.29, 554.40, 806.69, 3510.00, 2703.31),
(232, 17, '2025-11-01', '2025-11-30', 2950.00, 120.00, 0.00, 0.00, 0.00, 80.00, 0.00, 0.00, 0.00, 0.00, 0.00, 150.00, 0.00, 0.00, 0.00, 50.00, 0.00, 3711.67, 3711.67, 174.45, 4.83, 57.53, 3.71, 0.00, 0.00, 240.52, 528.00, 768.52, 3350.00, 2581.48),
(233, 17, '2025-12-01', '2025-12-31', 2950.00, 120.00, 0.00, 0.00, 0.00, 0.00, 0.00, 0.00, 0.00, 0.00, 0.00, 0.00, 0.00, 0.00, 0.00, 0.00, 325.00, 3581.67, 3581.67, 168.34, 4.66, 55.52, 3.58, 0.00, 0.00, 232.09, 506.55, 738.64, 3395.00, 2656.36),
(234, 18, '2025-01-01', '2025-01-31', 2100.00, 200.00, 0.00, 0.00, 0.00, 0.00, 150.00, 0.00, 0.00, 0.00, 0.00, 0.00, 0.00, 0.00, 0.00, 0.00, 0.00, 2833.33, 2833.33, 133.17, 3.68, 43.92, 2.83, 0.00, 0.00, 183.60, 318.50, 502.10, 2450.00, 1947.90),
(235, 18, '2025-02-01', '2025-02-28', 1960.00, 0.00, 0.00, 0.00, 0.00, 0.00, 0.00, 0.00, 0.00, 75.00, 0.00, 0.00, 0.00, 0.00, 0.00, 0.00, 0.00, 2310.00, 2385.00, 108.57, 3.00, 36.97, 2.39, 3.52, 0.00, 154.45, 264.55, 419.00, 2035.00, 1616.00),
(236, 18, '2025-03-01', '2025-03-31', 2100.00, 200.00, 0.00, 0.00, 80.00, 0.00, 0.00, 0.00, 0.00, 0.00, 0.00, 0.00, 0.00, 0.00, 0.00, 120.00, 120.00, 2883.33, 2883.33, 135.52, 3.75, 44.69, 2.88, 0.00, 0.00, 186.84, 325.00, 511.84, 2620.00, 2108.16),
(237, 18, '2025-04-01', '2025-04-30', 2100.00, 150.00, 0.00, 0.00, 0.00, 0.00, 0.00, 0.00, 0.00, 0.00, 0.00, 250.00, 0.00, 0.00, 0.00, 80.00, 0.00, 2705.00, 2705.00, 127.14, 3.52, 41.93, 2.71, 0.00, 0.00, 175.28, 302.90, 478.18, 2580.00, 2101.82),
(238, 18, '2025-05-01', '2025-05-31', 2100.00, 0.00, 50.00, 0.00, 0.00, 0.00, 0.00, 0.00, 40.00, 0.00, 0.00, 320.00, 0.00, 0.00, 0.00, 120.00, 0.00, 2660.00, 2660.00, 125.02, 3.46, 41.23, 2.66, 0.00, 0.00, 172.37, 300.30, 472.67, 2630.00, 2157.33),
(239, 18, '2025-06-01', '2025-06-30', 2100.00, 0.00, 0.00, 0.00, 120.00, 0.00, 0.00, 0.00, 0.00, 0.00, 0.00, 0.00, 0.00, 0.00, 0.00, 180.00, 275.00, 2750.00, 2750.00, 129.25, 3.57, 42.63, 2.75, 0.00, 0.00, 178.20, 312.00, 490.20, 2675.00, 2184.80),
(240, 18, '2025-07-01', '2025-07-31', 2100.00, 120.00, 0.00, 0.00, 0.00, 0.00, 0.00, 0.00, 0.00, 100.00, 0.00, 0.00, 0.00, 0.00, 0.00, 80.00, 0.00, 2670.00, 2770.00, 125.49, 3.47, 42.94, 2.77, 4.70, 0.00, 179.37, 312.00, 491.37, 2400.00, 1908.63),
(241, 18, '2025-08-01', '2025-08-31', 2100.00, 0.00, 0.00, 0.00, 0.00, 0.00, 0.00, 0.00, 0.00, 0.00, 0.00, 0.00, 0.00, 0.00, 0.00, 0.00, 0.00, 2450.00, 2450.00, 115.15, 3.19, 37.98, 2.45, 0.00, 0.00, 158.76, 273.00, 431.76, 2100.00, 1668.24),
(242, 18, '2025-09-01', '2025-09-30', 2100.00, 269.00, 0.00, 0.00, 0.00, 120.00, 0.00, 0.00, 0.00, 0.00, 0.00, 0.00, 0.00, 0.00, 0.00, 75.00, 0.00, 2958.83, 2958.83, 139.07, 3.85, 45.86, 2.96, 0.00, 0.00, 191.73, 333.32, 525.05, 2564.00, 2038.95),
(243, 18, '2025-10-01', '2025-10-31', 2100.00, 280.00, 0.00, 0.00, 0.00, 0.00, 0.00, 0.00, 40.00, 0.00, 0.00, 354.00, 0.00, 0.00, 0.00, 120.00, 0.00, 2936.67, 2936.67, 138.02, 3.82, 45.52, 2.94, 0.00, 0.00, 190.30, 330.20, 520.50, 2894.00, 2373.50),
(244, 18, '2025-11-01', '2025-11-30', 2100.00, 0.00, 0.00, 0.00, 0.00, 0.00, 48.00, 0.00, 0.00, 0.00, 0.00, 0.00, 0.00, 0.00, 0.00, 0.00, 420.00, 2498.00, 2498.00, 117.41, 3.25, 38.72, 2.50, 0.00, 0.00, 161.87, 279.24, 441.11, 2568.00, 2126.89),
(245, 18, '2025-12-01', '2025-12-31', 2100.00, 159.00, 0.00, 0.00, 0.00, 0.00, 0.00, 0.00, 0.00, 0.00, 0.00, 0.00, 0.00, 0.00, 0.00, 80.00, 0.00, 2715.50, 2715.50, 127.63, 3.53, 42.09, 2.72, 0.00, 0.00, 175.96, 304.07, 480.03, 2339.00, 1858.97),
(246, 231, '2025-01-01', '2025-01-31', 4100.00, 200.00, 0.00, 150.00, 0.00, 0.00, 50.00, 0.00, 0.00, 0.00, 0.00, 0.00, 0.00, 0.00, 0.00, 190.00, 0.00, 5406.67, 5406.67, 254.11, 7.03, 83.80, 5.41, 0.00, 0.00, 350.35, 680.05, 1030.40, 4690.00, 3659.60),
(247, 231, '2025-02-01', '2025-02-28', 3826.67, 0.00, 0.00, 149.33, 0.00, 0.00, 0.00, 0.00, 0.00, 0.00, 0.00, 0.00, 0.00, 0.00, 0.00, 168.00, 0.00, 4827.33, 4827.33, 226.88, 6.28, 74.82, 4.83, 0.00, 0.00, 312.81, 600.88, 913.69, 4144.00, 3230.31),
(248, 231, '2025-03-01', '2025-03-30', 4100.00, 200.00, 0.00, 150.00, 0.00, 0.00, 0.00, 0.00, 0.00, 0.00, 0.00, 240.00, 0.00, 0.00, 0.00, 75.00, 0.00, 5241.67, 5241.67, 246.36, 6.81, 81.25, 5.24, 0.00, 0.00, 339.66, 656.13, 995.79, 4765.00, 3769.22),
(249, 231, '2025-04-01', '2025-04-30', 4100.00, 100.00, 0.00, 150.00, 0.00, 0.00, 0.00, 0.00, 0.00, 0.00, 0.00, 178.00, 0.00, 0.00, 0.00, 75.00, 0.00, 5125.00, 5125.00, 240.88, 6.66, 79.44, 5.13, 0.00, 0.00, 332.10, 641.63, 973.73, 4603.00, 3629.28),
(250, 231, '2025-05-01', '2025-05-31', 4100.00, 0.00, 0.00, 150.00, 120.00, 0.00, 0.00, 0.00, 0.00, 0.00, 0.00, 0.00, 0.00, 0.00, 0.00, 50.00, 320.00, 5103.33, 5103.33, 239.86, 6.63, 79.10, 5.10, 0.00, 0.00, 330.70, 640.90, 971.60, 4740.00, 3768.40),
(251, 231, '2025-06-01', '2025-06-30', 4100.00, 193.00, 0.00, 150.00, 0.00, 0.00, 0.00, 0.00, 0.00, 50.00, 0.00, 0.00, 0.00, 0.00, 0.00, 75.00, 0.00, 5233.50, 5283.50, 245.97, 6.80, 81.89, 5.28, 2.35, 0.00, 342.31, 662.36, 1004.67, 4568.00, 3563.33),
(252, 231, '2025-07-01', '2025-07-31', 4100.00, 75.00, 0.00, 150.00, 0.00, 0.00, 0.00, 0.00, 0.00, 0.00, 0.00, 150.00, 0.00, 0.00, 0.00, 0.00, 0.00, 5020.83, 5020.83, 235.98, 6.53, 77.82, 5.02, 0.00, 0.00, 325.35, 627.13, 952.47, 4475.00, 3522.53),
(253, 231, '2025-08-01', '2025-08-31', 4100.00, 0.00, 0.00, 150.00, 0.00, 0.00, 0.00, 0.00, 0.00, 0.00, 0.00, 0.00, 0.00, 0.00, 0.00, 0.00, 0.00, 4933.33, 4933.33, 231.87, 6.41, 76.47, 4.93, 0.00, 0.00, 319.68, 616.25, 935.93, 4250.00, 3314.07),
(261, 231, '2025-09-01', '2025-09-30', 4100.00, 150.00, 0.00, 150.00, 0.00, 0.00, 0.00, 0.00, 0.00, 0.00, 0.00, 0.00, 0.00, 0.00, 0.00, 132.00, 220.00, 5240.33, 5240.33, 246.30, 6.81, 81.23, 5.24, 0.00, 0.00, 339.57, 657.14, 996.71, 4752.00, 3755.29),
(262, 231, '2025-10-01', '2025-10-31', 4100.00, 0.00, 0.00, 150.00, 75.00, 0.00, 0.00, 0.00, 0.00, 0.00, 0.00, 150.00, 0.00, 0.00, 0.00, 80.00, 0.00, 5088.33, 5088.33, 239.15, 6.61, 78.87, 5.09, 0.00, 0.00, 329.72, 638.72, 968.45, 4555.00, 3586.55),
(263, 231, '2025-11-01', '2025-11-30', 4100.00, 200.00, 0.00, 150.00, 94.00, 0.00, 0.00, 0.00, 0.00, 0.00, 0.00, 0.00, 0.00, 0.00, 0.00, 75.00, 160.00, 5335.67, 5335.67, 250.78, 6.94, 82.70, 5.34, 0.00, 0.00, 345.75, 669.75, 1015.51, 4779.00, 3763.49),
(264, 231, '2025-12-01', '2025-12-31', 4100.00, 200.00, 0.00, 150.00, 0.00, 0.00, 0.00, 0.00, 0.00, 0.00, 0.00, 0.00, 0.00, 0.00, 0.00, 0.00, 0.00, 5166.67, 5166.67, 242.83, 6.72, 80.08, 5.17, 0.00, 0.00, 334.80, 645.25, 980.05, 4450.00, 3469.95),
(265, 232, '2025-01-01', '2025-01-31', 2950.00, 100.00, 0.00, 75.00, 0.00, 0.00, 0.00, 0.00, 80.00, 0.00, 0.00, 0.00, 0.00, 0.00, 0.00, 100.00, 0.00, 3813.33, 3813.33, 179.23, 4.96, 59.11, 3.81, 0.00, 0.00, 247.10, 545.33, 792.43, 3305.00, 2512.57),
(266, 232, '2025-02-01', '2025-02-28', 2950.00, 0.00, 0.00, 75.00, 150.00, 0.00, 0.00, 0.00, 0.00, 0.00, 0.00, 320.00, 0.00, 0.00, 0.00, 100.00, 0.00, 3766.67, 3766.67, 177.03, 4.90, 58.38, 3.77, 0.00, 0.00, 244.08, 540.38, 784.46, 3595.00, 2810.55),
(267, 232, '2025-03-01', '2025-03-31', 2950.00, 0.00, 80.00, 75.00, 0.00, 0.00, 0.00, 0.00, 0.00, 75.00, 0.00, 0.00, 0.00, 0.00, 0.00, 0.00, 210.00, 3596.67, 3671.67, 169.04, 4.68, 56.91, 3.67, 3.52, 0.00, 237.83, 524.70, 762.53, 3390.00, 2627.47),
(268, 232, '2025-04-01', '2025-04-30', 2950.00, 150.00, 0.00, 75.00, 0.00, 0.00, 0.00, 0.00, 0.00, 0.00, 0.00, 269.00, 0.00, 0.00, 0.00, 100.00, 0.00, 3791.67, 3791.67, 178.21, 4.93, 58.77, 3.79, 0.00, 0.00, 245.70, 540.38, 786.07, 3544.00, 2757.93),
(269, 232, '2025-05-01', '2025-05-31', 2950.00, 0.00, 0.00, 75.00, 0.00, 0.00, 85.00, 0.00, 0.00, 0.00, 0.00, 0.00, 0.00, 0.00, 0.00, 25.00, 100.00, 3626.67, 3626.67, 170.45, 4.71, 56.21, 3.63, 0.00, 0.00, 235.01, 517.27, 752.28, 3235.00, 2482.72),
(270, 232, '2025-06-01', '2025-06-30', 2950.00, 0.00, 0.00, 75.00, 0.00, 0.00, 0.00, 0.00, 0.00, 150.00, 0.00, 0.00, 0.00, 0.00, 0.00, 80.00, 0.00, 3596.67, 3746.67, 169.04, 4.68, 58.07, 3.75, 7.05, 0.00, 242.59, 537.08, 779.66, 3255.00, 2475.34),
(271, 232, '2025-07-01', '2025-07-31', 2950.00, 50.00, 0.00, 75.00, 0.00, 0.00, 40.00, 0.00, 0.00, 0.00, 0.00, 0.00, 0.00, 0.00, 0.00, 120.00, 0.00, 3735.00, 3735.00, 175.54, 4.86, 57.89, 3.73, 0.00, 0.00, 242.03, 533.77, 775.80, 3235.00, 2459.20),
(272, 232, '2025-08-01', '2025-08-31', 2950.00, 0.00, 0.00, 75.00, 0.00, 0.00, 0.00, 0.00, 0.00, 0.00, 0.00, 0.00, 0.00, 0.00, 0.00, 0.00, 0.00, 3516.67, 3516.67, 165.28, 4.57, 54.51, 3.52, 0.00, 0.00, 227.88, 499.13, 727.00, 3025.00, 2297.99),
(273, 232, '2025-09-01', '2025-09-30', 2950.00, 180.00, 0.00, 75.00, 0.00, 0.00, 0.00, 0.00, 0.00, 0.00, 0.00, 320.00, 0.00, 0.00, 0.00, 0.00, 0.00, 3726.67, 3726.67, 175.15, 4.84, 57.76, 3.73, 0.00, 0.00, 241.49, 528.83, 770.31, 3525.00, 2754.69),
(274, 232, '2025-10-01', '2025-10-31', 2950.00, 150.00, 0.00, 75.00, 0.00, 0.00, 0.00, 0.00, 0.00, 0.00, 0.00, 0.00, 0.00, 0.00, 0.00, 80.00, 251.00, 3771.67, 3771.67, 177.27, 4.90, 58.46, 3.77, 0.00, 0.00, 244.40, 537.08, 781.48, 3506.00, 2724.52),
(275, 232, '2025-11-01', '2025-11-30', 2950.00, 0.00, 0.00, 75.00, 0.00, 80.00, 0.00, 0.00, 0.00, 0.00, 0.00, 0.00, 0.00, 0.00, 0.00, 120.00, 0.00, 3716.67, 3716.67, 174.68, 4.83, 57.61, 3.72, 0.00, 0.00, 240.84, 532.13, 772.97, 3225.00, 2452.03),
(276, 232, '2025-12-01', '2025-12-31', 2950.00, 150.00, 0.00, 75.00, 0.00, 0.00, 0.00, 0.00, 0.00, 0.00, 0.00, 0.00, 0.00, 0.00, 0.00, 0.00, 0.00, 3691.67, 3691.67, 173.51, 4.80, 57.22, 3.69, 0.00, 0.00, 239.22, 523.88, 763.10, 3175.00, 2411.90),
(277, 233, '2025-01-01', '2025-01-31', 2700.00, 100.00, 0.00, 0.00, 70.00, 0.00, 0.00, 0.00, 0.00, 0.00, 0.00, 0.00, 0.00, 0.00, 0.00, 80.00, 120.00, 3416.67, 3416.67, 160.58, 4.44, 52.96, 3.42, 0.00, 0.00, 221.40, 545.75, 767.15, 3070.00, 2302.85),
(278, 233, '2025-02-01', '2025-02-28', 2700.00, 75.00, 0.00, 0.00, 0.00, 0.00, 0.00, 0.00, 50.00, 0.00, 0.00, 120.00, 0.00, 0.00, 0.00, 0.00, 0.00, 3287.50, 3287.50, 154.51, 4.27, 50.96, 3.29, 0.00, 0.00, 213.03, 522.63, 735.65, 2945.00, 2209.35),
(279, 233, '2025-03-01', '2025-03-31', 2700.00, 0.00, 0.00, 0.00, 136.00, 0.00, 0.00, 0.00, 0.00, 80.00, 0.00, 0.00, 0.00, 0.00, 0.00, 40.00, 0.00, 3326.00, 3406.00, 156.32, 4.32, 52.79, 3.41, 3.76, 0.00, 220.60, 546.86, 767.46, 2956.00, 2188.54),
(280, 233, '2025-04-01', '2025-04-30', 2700.00, 150.00, 0.00, 0.00, 0.00, 0.00, 0.00, 0.00, 0.00, 0.00, 0.00, 0.00, 0.00, 0.00, 0.00, 80.00, 238.00, 3405.00, 3405.00, 160.03, 4.43, 52.78, 3.41, 0.00, 0.00, 220.64, 542.05, 762.69, 3168.00, 2405.31),
(281, 233, '2025-05-01', '2025-05-31', 2700.00, 0.00, 0.00, 0.00, 0.00, 0.00, 96.00, 0.00, 0.00, 0.00, 0.00, 247.00, 0.00, 0.00, 0.00, 50.00, 0.00, 3296.00, 3296.00, 154.91, 4.28, 51.09, 3.30, 0.00, 0.00, 213.58, 526.51, 740.09, 3093.00, 2352.91),
(282, 233, '2025-06-01', '2025-06-30', 2700.00, 0.00, 0.00, 0.00, 0.00, 0.00, 0.00, 0.00, 50.00, 0.00, 0.00, 90.00, 0.00, 0.00, 0.00, 135.00, 0.00, 3335.00, 3335.00, 156.75, 4.34, 51.69, 3.33, 0.00, 0.00, 216.11, 533.73, 749.83, 2975.00, 2225.17),
(283, 233, '2025-07-01', '2025-07-31', 2700.00, 100.00, 0.00, 0.00, 0.00, 0.00, 0.00, 0.00, 0.00, 0.00, 0.00, 0.00, 0.00, 0.00, 0.00, 0.00, 285.00, 3266.67, 3266.67, 153.53, 4.25, 50.63, 3.27, 0.00, 0.00, 211.68, 518.00, 729.68, 3085.00, 2355.32),
(284, 233, '2025-08-01', '2025-08-31', 2700.00, 0.00, 0.00, 0.00, 0.00, 0.00, 0.00, 0.00, 0.00, 0.00, 0.00, 0.00, 0.00, 0.00, 0.00, 0.00, 0.00, 3150.00, 3150.00, 148.05, 4.09, 48.83, 3.15, 0.00, 0.00, 204.12, 499.50, 703.62, 2700.00, 1996.38),
(285, 233, '2025-09-01', '2025-09-30', 2700.00, 100.00, 0.00, 0.00, 0.00, 0.00, 162.00, 0.00, 0.00, 0.00, 0.00, 0.00, 0.00, 0.00, 0.00, 80.00, 0.00, 3508.67, 3508.67, 164.91, 4.56, 54.38, 3.51, 0.00, 0.00, 227.36, 562.77, 790.13, 3042.00, 2251.87),
(286, 233, '2025-10-01', '2025-10-31', 2700.00, 0.00, 0.00, 0.00, 0.00, 0.00, 50.00, 0.00, 0.00, 75.00, 0.00, 0.00, 0.00, 0.00, 0.00, 0.00, 0.00, 3200.00, 3275.00, 150.40, 4.16, 50.76, 3.27, 3.52, 0.00, 212.12, 522.63, 734.75, 2825.00, 2090.25),
(287, 233, '2025-11-01', '2025-11-30', 2700.00, 40.00, 95.00, 0.00, 0.00, 0.00, 0.00, 0.00, 0.00, 0.00, 0.00, 0.00, 0.00, 0.00, 0.00, 0.00, 179.00, 3291.67, 3291.67, 154.71, 4.28, 51.02, 3.29, 0.00, 0.00, 213.30, 524.48, 737.77, 3014.00, 2276.22),
(288, 233, '2025-12-01', '2025-12-31', 2700.00, 150.00, 75.00, 0.00, 0.00, 0.00, 0.00, 0.00, 0.00, 0.00, 0.00, 0.00, 0.00, 0.00, 0.00, 80.00, 0.00, 3480.00, 3480.00, 163.56, 4.52, 53.94, 3.48, 0.00, 0.00, 225.50, 555.92, 781.43, 3005.00, 2223.57),
(289, 234, '2025-01-01', '2025-01-31', 3200.00, 80.00, 0.00, 0.00, 122.00, 0.00, 0.00, 0.00, 0.00, 0.00, 0.00, 0.00, 0.00, 0.00, 0.00, 100.00, 0.00, 4048.67, 4048.67, 190.29, 5.26, 62.75, 4.05, 0.00, 0.00, 262.35, 542.81, 805.16, 3502.00, 2696.84),
(290, 234, '2025-02-01', '2025-02-28', 3200.00, 95.00, 80.00, 0.00, 0.00, 0.00, 0.00, 0.00, 0.00, 0.00, 0.00, 0.00, 0.00, 0.00, 0.00, 76.00, 0.00, 4000.17, 4000.17, 188.01, 5.20, 62.00, 4.00, 0.00, 0.00, 259.21, 534.90, 794.12, 3451.00, 2656.88),
(293, 234, '2025-03-01', '2025-03-31', 3200.00, 150.00, 0.00, 0.00, 0.00, 0.00, 0.00, 0.00, 25.00, 80.00, 0.00, 0.00, 0.00, 0.00, 0.00, 60.00, 0.00, 3993.33, 4073.33, 187.69, 5.19, 63.14, 4.07, 3.76, 0.00, 263.85, 544.83, 808.67, 3515.00, 2706.33),
(294, 234, '2025-04-01', '2025-04-30', 3200.00, 0.00, 0.00, 0.00, 95.00, 0.00, 0.00, 0.00, 0.00, 0.00, 0.00, 143.00, 0.00, 0.00, 0.00, 180.00, 0.00, 4008.33, 4008.33, 188.39, 5.21, 62.13, 4.01, 0.00, 0.00, 259.74, 538.63, 798.37, 3618.00, 2819.64),
(295, 234, '2025-05-01', '2025-05-31', 3200.00, 0.00, 0.00, 0.00, 0.00, 150.00, 0.00, 0.00, 0.00, 0.00, 0.00, 0.00, 0.00, 0.00, 0.00, 100.00, 222.00, 3983.33, 3983.33, 187.22, 5.18, 61.74, 3.98, 0.00, 0.00, 258.12, 534.75, 792.87, 3672.00, 2879.13),
(296, 234, '2025-06-01', '2025-06-30', 3200.00, 149.00, 0.00, 0.00, 37.00, 0.00, 0.00, 0.00, 0.00, 50.00, 0.00, 0.00, 0.00, 0.00, 0.00, 0.00, 0.00, 3944.17, 3994.17, 185.38, 5.13, 61.91, 3.99, 2.35, 0.00, 258.76, 532.58, 791.34, 3436.00, 2644.66),
(297, 234, '2025-07-01', '2025-07-31', 3200.00, 140.00, 0.00, 0.00, 95.00, 0.00, 0.00, 0.00, 0.00, 0.00, 0.00, 275.00, 0.00, 0.00, 0.00, 0.00, 0.00, 3991.67, 3991.67, 187.61, 5.19, 61.87, 3.99, 0.00, 0.00, 258.66, 532.42, 791.08, 3710.00, 2918.91),
(298, 234, '2025-08-01', '2025-08-31', 3200.00, 0.00, 0.00, 0.00, 0.00, 0.00, 0.00, 0.00, 0.00, 0.00, 0.00, 0.00, 0.00, 0.00, 0.00, 0.00, 0.00, 3733.33, 3733.33, 175.47, 4.85, 57.87, 3.73, 0.00, 0.00, 241.92, 496.00, 737.92, 3200.00, 2462.08),
(299, 234, '2025-09-01', '2025-09-30', 3200.00, 170.00, 0.00, 0.00, 95.00, 0.00, 0.00, 0.00, 0.00, 0.00, 0.00, 0.00, 0.00, 0.00, 0.00, 80.00, 265.00, 4106.67, 4106.67, 193.01, 5.34, 63.65, 4.11, 0.00, 0.00, 266.11, 549.48, 815.59, 3810.00, 2994.41),
(300, 234, '2025-10-01', '2025-10-31', 3200.00, 230.00, 0.00, 0.00, 0.00, 0.00, 0.00, 0.00, 15.00, 0.00, 0.00, 0.00, 0.00, 0.00, 0.00, 95.00, 0.00, 4111.67, 4111.67, 193.25, 5.35, 63.73, 4.11, 0.00, 0.00, 266.44, 548.70, 815.14, 3540.00, 2724.86),
(301, 234, '2025-11-01', '2025-11-30', 3200.00, 162.00, 0.00, 0.00, 0.00, 0.00, 0.00, 0.00, 0.00, 0.00, 0.00, 130.00, 0.00, 0.00, 0.00, 0.00, 150.00, 3922.33, 3922.33, 184.35, 5.10, 60.80, 3.92, 0.00, 0.00, 254.17, 521.11, 775.28, 3642.00, 2866.72),
(302, 234, '2025-12-01', '2025-12-31', 3200.00, 150.00, 0.00, 0.00, 0.00, 0.00, 0.00, 0.00, 0.00, 0.00, 0.00, 0.00, 0.00, 0.00, 0.00, 90.00, 0.00, 3998.33, 3998.33, 187.92, 5.20, 61.97, 4.00, 0.00, 0.00, 259.09, 533.20, 792.29, 3440.00, 2647.71),
(303, 235, '2025-01-01', '2025-01-31', 2800.00, 0.00, 0.00, 40.00, 0.00, 0.00, 0.00, 0.00, 50.00, 0.00, 0.00, 0.00, 0.00, 0.00, 0.00, 0.00, 0.00, 3356.67, 3356.67, 157.76, 4.36, 52.03, 3.36, 0.00, 0.00, 217.51, 534.65, 752.16, 2890.00, 2137.84),
(304, 235, '2025-02-01', '2025-02-28', 2800.00, 150.00, 0.00, 0.00, 0.00, 0.00, 0.00, 0.00, 0.00, 75.00, 0.00, 0.00, 0.00, 0.00, 0.00, 0.00, 0.00, 3441.67, 3516.67, 161.76, 4.47, 54.51, 3.52, 3.52, 0.00, 227.78, 559.63, 787.41, 3025.00, 2237.59),
(305, 235, '2025-03-01', '2025-03-31', 2800.00, 150.00, 0.00, 0.00, 0.00, 0.00, 0.00, 0.00, 0.00, 0.00, 0.00, 0.00, 0.00, 0.00, 0.00, 122.00, 0.00, 3563.67, 3563.67, 167.49, 4.63, 55.24, 3.56, 0.00, 0.00, 230.93, 568.32, 799.25, 3072.00, 2272.75),
(306, 235, '2025-04-01', '2025-04-30', 2800.00, 0.00, 0.00, 0.00, 0.00, 0.00, 0.00, 0.00, 0.00, 0.00, 0.00, 120.00, 0.00, 0.00, 0.00, 75.00, 340.00, 3341.67, 3341.67, 157.06, 4.34, 51.80, 3.34, 0.00, 0.00, 216.54, 531.88, 748.41, 3335.00, 2586.59),
(307, 235, '2025-05-01', '2025-05-31', 2800.00, 0.00, 0.00, 0.00, 0.00, 123.00, 0.00, 60.00, 0.00, 0.00, 0.00, 220.00, 0.00, 0.00, 0.00, 0.00, 0.00, 3449.67, 3449.67, 162.13, 4.48, 53.47, 3.45, 0.00, 0.00, 223.54, 551.86, 775.39, 3203.00, 2427.61),
(308, 235, '2025-06-01', '2025-06-30', 2800.00, 0.00, 22.00, 0.00, 0.00, 0.00, 0.00, 0.00, 0.00, 0.00, 0.00, 0.00, 0.00, 0.00, 0.00, 40.00, 256.00, 3328.67, 3328.67, 156.45, 4.33, 51.59, 3.33, 0.00, 0.00, 215.70, 529.47, 745.17, 3118.00, 2372.83),
(309, 235, '2025-07-01', '2025-07-31', 2800.00, 0.00, 0.00, 0.00, 0.00, 0.00, 0.00, 0.00, 0.00, 0.00, 0.00, 0.00, 0.00, 0.00, 0.00, 75.00, 0.00, 3341.67, 3341.67, 157.06, 4.34, 51.80, 3.34, 0.00, 0.00, 216.54, 531.88, 748.41, 2875.00, 2126.59),
(310, 235, '2025-08-01', '2025-08-31', 2800.00, 0.00, 0.00, 0.00, 0.00, 0.00, 0.00, 0.00, 0.00, 0.00, 0.00, 0.00, 0.00, 0.00, 0.00, 0.00, 0.00, 3266.67, 3266.67, 153.53, 4.25, 50.63, 3.27, 0.00, 0.00, 211.68, 518.00, 729.68, 2800.00, 2070.32),
(311, 235, '2025-09-01', '2025-09-30', 2800.00, 142.00, 0.00, 0.00, 0.00, 0.00, 85.00, 0.00, 0.00, 0.00, 0.00, 0.00, 0.00, 0.00, 0.00, 120.00, 0.00, 3637.33, 3637.33, 170.95, 4.73, 56.38, 3.64, 0.00, 0.00, 235.70, 582.19, 817.89, 3147.00, 2329.11),
(312, 235, '2025-10-01', '2025-10-31', 2800.00, 0.00, 0.00, 0.00, 143.00, 0.00, 0.00, 0.00, 0.00, 190.00, 0.00, 0.00, 0.00, 0.00, 0.00, 0.00, 289.00, 3409.67, 3599.67, 160.25, 4.43, 55.79, 3.60, 8.93, 0.00, 233.01, 579.61, 812.62, 3422.00, 2609.38),
(313, 235, '2025-11-01', '2025-11-30', 2800.00, 95.00, 0.00, 68.00, 0.00, 0.00, 0.00, 0.00, 0.00, 0.00, 0.00, 396.00, 0.00, 0.00, 0.00, 0.00, 0.00, 3445.50, 3445.50, 161.94, 4.48, 53.41, 3.45, 0.00, 0.00, 223.27, 548.15, 771.42, 3359.00, 2587.58),
(314, 235, '2025-12-01', '2025-12-31', 2800.00, 0.00, 120.00, 0.00, 0.00, 0.00, 0.00, 0.00, 0.00, 0.00, 0.00, 0.00, 0.00, 0.00, 0.00, 80.00, 0.00, 3466.67, 3466.67, 162.93, 4.51, 53.73, 3.47, 0.00, 0.00, 224.64, 555.00, 779.64, 3000.00, 2220.36),
(315, 236, '2025-01-01', '2025-01-31', 3000.00, 80.00, 0.00, 120.00, 0.00, 0.00, 0.00, 0.00, 0.00, 50.00, 0.00, 0.00, 0.00, 0.00, 0.00, 0.00, 0.00, 3713.33, 3763.33, 174.53, 4.83, 58.33, 3.76, 2.35, 0.00, 243.80, 471.25, 715.05, 3250.00, 2534.95),
(316, 236, '2025-02-01', '2025-02-28', 3000.00, 0.00, 0.00, 120.00, 60.00, 0.00, 0.00, 0.00, 0.00, 0.00, 0.00, 320.00, 0.00, 0.00, 0.00, 0.00, 0.00, 3680.00, 3680.00, 172.96, 4.78, 57.04, 3.68, 0.00, 0.00, 238.46, 461.10, 699.56, 3500.00, 2800.44),
(317, 236, '2025-03-01', '2025-03-31', 3000.00, 139.00, 0.00, 120.00, 0.00, 0.00, 0.00, 0.00, 0.00, 0.00, 0.00, 0.00, 0.00, 0.00, 0.00, 80.00, 95.00, 3862.17, 3862.17, 181.52, 5.02, 59.86, 3.86, 0.00, 0.00, 250.27, 484.15, 734.42, 3434.00, 2699.58),
(318, 236, '2025-04-01', '2025-04-30', 3000.00, 0.00, 0.00, 120.00, 0.00, 200.00, 0.00, 0.00, 0.00, 0.00, 0.00, 0.00, 0.00, 0.00, 0.00, 140.00, 0.00, 3960.00, 3960.00, 186.12, 5.15, 61.38, 3.96, 0.00, 0.00, 256.61, 501.70, 758.31, 3460.00, 2701.69),
(319, 236, '2025-05-01', '2025-05-31', 3000.00, 175.00, 0.00, 120.00, 0.00, 0.00, 0.00, 0.00, 0.00, 0.00, 0.00, 200.00, 0.00, 0.00, 0.00, 0.00, 0.00, 3824.17, 3824.17, 179.74, 4.97, 59.27, 3.82, 0.00, 0.00, 247.81, 477.77, 725.58, 3495.00, 2769.42),
(320, 236, '2025-06-01', '2025-06-30', 3000.00, 50.00, 0.00, 120.00, 0.00, 0.00, 0.00, 0.00, 0.00, 0.00, 0.00, 0.00, 0.00, 0.00, 0.00, 75.00, 138.00, 3753.33, 3753.33, 176.41, 4.88, 58.18, 3.75, 0.00, 0.00, 243.22, 470.52, 713.74, 3383.00, 2669.26),
(321, 236, '2025-07-01', '2025-07-31', 3000.00, 90.00, 0.00, 0.00, 0.00, 0.00, 168.00, 0.00, 0.00, 0.00, 0.00, 0.00, 0.00, 0.00, 0.00, 0.00, 0.00, 3773.00, 3773.00, 177.33, 4.90, 58.48, 3.77, 0.00, 0.00, 244.49, 472.41, 716.90, 3258.00, 2541.10),
(322, 236, '2025-08-01', '2025-08-31', 3000.00, 0.00, 0.00, 0.00, 0.00, 0.00, 0.00, 0.00, 0.00, 0.00, 0.00, 0.00, 0.00, 0.00, 0.00, 0.00, 0.00, 3500.00, 3500.00, 164.50, 4.55, 54.25, 3.50, 0.00, 0.00, 226.80, 435.00, 661.80, 3000.00, 2338.20),
(323, 236, '2025-09-01', '2025-09-30', 3000.00, 196.00, 0.00, 0.00, 0.00, 0.00, 0.00, 0.00, 0.00, 0.00, 0.00, 258.00, 0.00, 0.00, 0.00, 123.00, 0.00, 3851.67, 3851.67, 181.03, 5.01, 59.70, 3.85, 0.00, 0.00, 249.59, 481.25, 730.84, 3577.00, 2846.16),
(324, 236, '2025-10-01', '2025-10-31', 3000.00, 0.00, 0.00, 120.00, 0.00, 0.00, 0.00, 50.00, 0.00, 175.00, 0.00, 0.00, 0.00, 0.00, 0.00, 0.00, 0.00, 3670.00, 3845.00, 172.49, 4.77, 59.60, 3.85, 8.22, 0.00, 248.93, 485.02, 733.95, 3345.00, 2611.05),
(325, 236, '2025-11-01', '2025-11-30', 3000.00, 239.00, 0.00, 0.00, 0.00, 0.00, 0.00, 0.00, 25.00, 0.00, 0.00, 156.00, 0.00, 0.00, 0.00, 0.00, 0.00, 3803.83, 3803.83, 178.78, 4.94, 58.96, 3.80, 0.00, 0.00, 246.49, 473.28, 719.77, 3420.00, 2700.23),
(326, 236, '2025-12-01', '2025-12-31', 3000.00, 0.00, 0.00, 0.00, 0.00, 0.00, 237.00, 0.00, 0.00, 0.00, 0.00, 0.00, 0.00, 0.00, 0.00, 185.00, 0.00, 3922.00, 3922.00, 184.33, 5.10, 60.79, 3.92, 0.00, 0.00, 254.15, 496.19, 750.34, 3422.00, 2671.66),
(327, 32, '2025-01-01', '2025-01-31', 4300.00, 180.00, 0.00, 100.00, 0.00, 0.00, 163.00, 0.00, 0.00, 0.00, 0.00, 0.00, 0.00, 0.00, 0.00, 75.00, 0.00, 5564.67, 5564.67, 261.54, 7.23, 86.25, 5.56, 0.00, 0.00, 360.59, 891.33, 1251.92, 4818.00, 3566.08),
(328, 32, '2025-02-01', '2025-02-28', 4300.00, 0.00, 0.00, 100.00, 0.00, 0.00, 220.00, 0.00, 0.00, 0.00, 0.00, 397.00, 0.00, 0.00, 0.00, 75.00, 0.00, 5411.67, 5411.67, 254.35, 7.04, 83.88, 5.41, 0.00, 0.00, 350.68, 868.58, 1219.25, 5092.00, 3872.75),
(329, 32, '2025-03-01', '2025-03-31', 4300.00, 0.00, 0.00, 100.00, 0.00, 0.00, 0.00, 0.00, 0.00, 75.00, 0.00, 0.00, 0.00, 0.00, 0.00, 80.00, 0.00, 5196.67, 5271.67, 244.24, 6.76, 81.71, 5.27, 3.52, 0.00, 341.51, 842.67, 1184.18, 4555.00, 3370.82),
(330, 32, '2025-04-01', '2025-04-30', 4300.00, 150.00, 0.00, 100.00, 0.00, 0.00, 0.00, 0.00, 0.00, 0.00, 0.00, 0.00, 0.00, 0.00, 0.00, 0.00, 138.00, 5291.67, 5291.67, 248.71, 6.88, 82.02, 5.29, 0.00, 0.00, 342.90, 841.75, 1184.65, 4688.00, 3503.35),
(331, 32, '2025-05-01', '2025-05-31', 4300.00, 50.00, 0.00, 100.00, 0.00, 0.00, 0.00, 0.00, 0.00, 0.00, 0.00, 0.00, 400.00, 0.00, 0.00, 0.00, 0.00, 5175.00, 5175.00, 243.22, 6.73, 80.21, 5.17, 0.00, 0.00, 335.34, 897.25, 1232.59, 4850.00, 3617.41),
(332, 32, '2025-06-01', '2025-06-30', 4300.00, 0.00, 0.00, 100.00, 0.00, 0.00, 195.00, 0.00, 0.00, 0.00, 0.00, 0.00, 0.00, 0.00, 0.00, 70.00, 297.00, 5381.67, 5381.67, 252.94, 7.00, 83.42, 5.38, 0.00, 0.00, 348.73, 863.02, 1211.76, 4962.00, 3750.24),
(333, 32, '2025-07-01', '2025-07-31', 4300.00, 100.00, 0.00, 100.00, 0.00, 0.00, 0.00, 0.00, 20.00, 0.00, 0.00, 297.00, 0.00, 0.00, 0.00, 80.00, 0.00, 5333.33, 5333.33, 250.67, 6.93, 82.67, 5.33, 0.00, 0.00, 345.60, 851.00, 1196.60, 4897.00, 3700.40),
(334, 32, '2025-08-01', '2025-08-31', 4300.00, 0.00, 0.00, 0.00, 0.00, 0.00, 0.00, 0.00, 0.00, 0.00, 0.00, 0.00, 0.00, 0.00, 0.00, 0.00, 0.00, 5016.67, 5016.67, 235.78, 6.52, 77.76, 5.02, 0.00, 0.00, 325.08, 795.50, 1120.58, 4300.00, 3179.42),
(335, 32, '2025-09-01', '2025-09-30', 4300.00, 0.00, 0.00, 100.00, 150.00, 0.00, 0.00, 0.00, 0.00, 75.00, 0.00, 0.00, 0.00, 0.00, 0.00, 0.00, 0.00, 5266.67, 5341.67, 247.53, 6.85, 82.80, 5.34, 3.52, 0.00, 346.04, 855.63, 1201.67, 4625.00, 3423.33),
(336, 32, '2025-10-01', '2025-10-31', 4300.00, 75.00, 0.00, 100.00, 0.00, 0.00, 0.00, 0.00, 0.00, 0.00, 0.00, 0.00, 0.00, 0.00, 0.00, 150.00, 290.00, 5354.17, 5354.17, 251.65, 6.96, 82.99, 5.35, 0.00, 0.00, 346.95, 855.63, 1202.58, 4915.00, 3712.43),
(337, 32, '2025-11-01', '2025-11-30', 4300.00, 160.00, 0.00, 100.00, 0.00, 0.00, 0.00, 0.00, 0.00, 0.00, 0.00, 369.00, 0.00, 0.00, 0.00, 0.00, 0.00, 5303.33, 5303.33, 249.26, 6.89, 82.20, 5.30, 0.00, 0.00, 343.66, 843.60, 1187.26, 4929.00, 3741.74),
(338, 32, '2025-12-01', '2025-12-31', 4300.00, 0.00, 0.00, 100.00, 0.00, 0.00, 0.00, 0.00, 0.00, 0.00, 0.00, 100.00, 0.00, 0.00, 0.00, 120.00, 0.00, 5236.67, 5236.67, 246.12, 6.81, 81.17, 5.24, 0.00, 0.00, 339.34, 836.20, 1175.54, 4620.00, 3444.46),
(339, 33, '2025-01-01', '2025-01-31', 3000.00, 60.00, 0.00, 0.00, 140.00, 0.00, 0.00, 0.00, 0.00, 80.00, 0.00, 0.00, 0.00, 0.00, 0.00, 0.00, 0.00, 3710.00, 3790.00, 174.37, 4.82, 58.74, 3.79, 3.76, 0.00, 245.49, 606.80, 852.29, 3280.00, 2427.71),
(340, 33, '2025-02-01', '2025-02-28', 3000.00, 0.00, 0.00, 90.00, 0.00, 0.00, 0.00, 0.00, 0.00, 0.00, 0.00, 56.00, 0.00, 0.00, 0.00, 173.00, 0.00, 3763.00, 3763.00, 176.86, 4.89, 58.33, 3.76, 0.00, 0.00, 243.84, 603.65, 847.50, 3319.00, 2471.50),
(341, 33, '2025-03-01', '2025-03-31', 3000.00, 100.00, 90.00, 0.00, 0.00, 0.00, 0.00, 0.00, 0.00, 0.00, 0.00, 190.00, 0.00, 0.00, 0.00, 50.00, 0.00, 3756.67, 3756.67, 176.56, 4.88, 58.23, 3.76, 0.00, 0.00, 243.43, 599.40, 842.83, 3430.00, 2587.17),
(342, 33, '2025-04-01', '2025-04-30', 3000.00, 50.00, 0.00, 0.00, 0.00, 0.00, 0.00, 0.00, 15.00, 0.00, 0.00, 0.00, 0.00, 0.00, 0.00, 80.00, 378.00, 3653.33, 3653.33, 171.71, 4.75, 56.63, 3.65, 0.00, 0.00, 236.74, 581.83, 818.56, 3523.00, 2704.44),
(343, 33, '2025-05-01', '2025-05-31', 3000.00, 0.00, 0.00, 0.00, 0.00, 150.00, 0.00, 0.00, 0.00, 0.00, 0.00, 0.00, 0.00, 0.00, 0.00, 100.00, 275.00, 3750.00, 3750.00, 176.25, 4.88, 58.13, 3.75, 0.00, 0.00, 243.00, 601.25, 844.25, 3525.00, 2680.75),
(344, 33, '2025-06-01', '2025-06-30', 3000.00, 0.00, 95.00, 0.00, 0.00, 0.00, 0.00, 0.00, 0.00, 0.00, 0.00, 120.00, 0.00, 0.00, 0.00, 90.00, 0.00, 3685.00, 3685.00, 173.19, 4.79, 57.12, 3.69, 0.00, 0.00, 238.79, 589.23, 828.01, 3305.00, 2476.99),
(345, 33, '2025-07-01', '2025-07-31', 3000.00, 100.00, 0.00, 0.00, 0.00, 50.00, 0.00, 0.00, 0.00, 0.00, 0.00, 0.00, 0.00, 0.00, 0.00, 0.00, 0.00, 3666.67, 3666.67, 172.33, 4.77, 56.83, 3.67, 0.00, 0.00, 237.60, 582.75, 820.35, 3150.00, 2329.65),
(346, 33, '2025-08-01', '2025-08-31', 3000.00, 0.00, 0.00, 0.00, 0.00, 0.00, 0.00, 0.00, 0.00, 0.00, 0.00, 0.00, 0.00, 0.00, 0.00, 0.00, 0.00, 3500.00, 3500.00, 164.50, 4.55, 54.25, 3.50, 0.00, 0.00, 226.80, 555.00, 781.80, 3000.00, 2218.20),
(347, 33, '2025-09-01', '2025-09-30', 3000.00, 0.00, 0.00, 0.00, 0.00, 0.00, 0.00, 0.00, 0.00, 40.00, 0.00, 236.00, 0.00, 0.00, 0.00, 100.00, 0.00, 3600.00, 3640.00, 169.20, 4.68, 56.42, 3.64, 1.88, 0.00, 235.82, 580.90, 816.72, 3376.00, 2559.28),
(348, 33, '2025-10-01', '2025-10-31', 3000.00, 40.00, 0.00, 0.00, 0.00, 0.00, 0.00, 0.00, 0.00, 0.00, 0.00, 0.00, 0.00, 0.00, 0.00, 100.00, 340.00, 3646.67, 3646.67, 171.39, 4.74, 56.52, 3.65, 0.00, 0.00, 236.30, 580.90, 817.20, 3480.00, 2662.80),
(349, 33, '2025-11-01', '2025-11-30', 3000.00, 200.00, 0.00, 0.00, 176.00, 0.00, 0.00, 0.00, 0.00, 0.00, 0.00, 228.00, 0.00, 0.00, 0.00, 0.00, 0.00, 3909.33, 3909.33, 183.74, 5.08, 60.59, 3.91, 0.00, 0.00, 253.32, 624.56, 877.88, 3604.00, 2726.12),
(350, 33, '2025-12-01', '2025-12-31', 3000.00, 140.00, 0.00, 0.00, 0.00, 0.00, 0.00, 80.00, 0.00, 0.00, 0.00, 0.00, 0.00, 0.00, 0.00, 0.00, 0.00, 3743.33, 3743.33, 175.94, 4.87, 58.02, 3.74, 0.00, 0.00, 242.57, 595.70, 838.27, 3220.00, 2381.73),
(351, 34, '2025-01-01', '2025-01-31', 2850.00, 0.00, 0.00, 50.00, 0.00, 0.00, 0.00, 43.00, 0.00, 0.00, 0.00, 0.00, 0.00, 0.00, 0.00, 80.00, 120.00, 3498.00, 3498.00, 164.41, 4.55, 54.22, 3.50, 0.00, 0.00, 226.67, 468.56, 695.24, 3143.00, 2447.76),
(352, 34, '2025-02-01', '2025-02-28', 2850.00, 100.00, 0.00, 0.00, 80.00, 0.00, 0.00, 0.00, 0.00, 0.00, 0.00, 170.00, 0.00, 0.00, 0.00, 90.00, 0.00, 3611.67, 3611.67, 169.75, 4.70, 55.98, 3.61, 0.00, 0.00, 234.04, 483.60, 717.64, 3290.00, 2572.36),
(353, 34, '2025-03-01', '2025-03-31', 2850.00, 50.00, 0.00, 80.00, 0.00, 0.00, 200.00, 0.00, 0.00, 0.00, 0.00, 0.00, 0.00, 0.00, 0.00, 50.00, 0.00, 3713.33, 3713.33, 174.53, 4.83, 57.56, 3.71, 0.00, 0.00, 240.62, 500.65, 741.27, 3230.00, 2488.73),
(354, 34, '2025-04-01', '2025-04-30', 2850.00, 0.00, 0.00, 0.00, 0.00, 0.00, 80.00, 0.00, 0.00, 150.00, 0.00, 100.00, 0.00, 0.00, 0.00, 0.00, 0.00, 3405.00, 3555.00, 160.03, 4.43, 55.10, 3.56, 7.05, 0.00, 230.17, 477.40, 707.57, 3180.00, 2472.43),
(355, 34, '2025-05-01', '2025-05-31', 2850.00, 150.00, 0.00, 0.00, 0.00, 50.00, 0.00, 0.00, 0.00, 75.00, 0.00, 0.00, 0.00, 0.00, 0.00, 140.00, 0.00, 3690.00, 3765.00, 173.43, 4.80, 58.36, 3.77, 3.52, 0.00, 243.87, 506.07, 749.95, 3265.00, 2515.05),
(356, 34, '2025-06-01', '2025-06-30', 2850.00, 80.00, 0.00, 0.00, 0.00, 0.00, 0.00, 0.00, 0.00, 0.00, 0.00, 0.00, 0.00, 0.00, 0.00, 68.00, 250.00, 3486.33, 3486.33, 163.86, 4.53, 54.04, 3.49, 0.00, 0.00, 225.91, 464.69, 690.60, 3248.00, 2557.40),
(357, 34, '2025-07-01', '2025-07-31', 2850.00, 200.00, 0.00, 0.00, 0.00, 0.00, 0.00, 0.00, 0.00, 0.00, 0.00, 0.00, 0.00, 0.00, 0.00, 80.00, 0.00, 3638.33, 3638.33, 171.00, 4.73, 56.39, 3.64, 0.00, 0.00, 235.76, 485.15, 720.91, 3130.00, 2409.09),
(358, 34, '2025-08-01', '2025-08-31', 2850.00, 0.00, 0.00, 0.00, 0.00, 0.00, 0.00, 0.00, 0.00, 0.00, 0.00, 140.00, 0.00, 0.00, 0.00, 0.00, 0.00, 3325.00, 3325.00, 156.28, 4.32, 51.54, 3.33, 0.00, 0.00, 215.46, 441.75, 657.21, 2990.00, 2332.79),
(359, 34, '2025-09-01', '2025-09-30', 2850.00, 0.00, 0.00, 0.00, 0.00, 0.00, 0.00, 0.00, 0.00, 80.00, 0.00, 150.00, 0.00, 0.00, 0.00, 75.00, 0.00, 3400.00, 3480.00, 159.80, 4.42, 53.94, 3.48, 3.76, 0.00, 225.40, 465.77, 691.17, 3155.00, 2463.82),
(360, 34, '2025-10-01', '2025-10-31', 2850.00, 90.00, 0.00, 0.00, 0.00, 0.00, 0.00, 0.00, 50.00, 0.00, 0.00, 0.00, 0.00, 0.00, 0.00, 0.00, 245.00, 3480.00, 3480.00, 163.56, 4.52, 53.94, 3.48, 0.00, 0.00, 225.50, 463.45, 688.95, 3235.00, 2546.05),
(361, 34, '2025-11-01', '2025-11-30', 2850.00, 0.00, 0.00, 0.00, 0.00, 0.00, 45.00, 0.00, 0.00, 0.00, 0.00, 0.00, 0.00, 0.00, 0.00, 120.00, 90.00, 3490.00, 3490.00, 164.03, 4.54, 54.09, 3.49, 0.00, 0.00, 226.15, 467.32, 693.48, 3105.00, 2411.52),
(362, 34, '2025-12-01', '2025-12-31', 2850.00, 100.00, 0.00, 0.00, 0.00, 0.00, 0.00, 0.00, 0.00, 0.00, 0.00, 0.00, 0.00, 0.00, 0.00, 25.00, 0.00, 3466.67, 3466.67, 162.93, 4.51, 53.73, 3.47, 0.00, 0.00, 224.64, 461.13, 685.76, 2975.00, 2289.24),
(363, 35, '2025-01-01', '2025-01-31', 3200.00, 80.00, 0.00, 0.00, 0.00, 0.00, 0.00, 0.00, 0.00, 100.00, 0.00, 0.00, 0.00, 0.00, 0.00, 75.00, 0.00, 3901.67, 4001.67, 183.38, 5.07, 62.03, 4.00, 4.70, 0.00, 259.18, 535.52, 794.70, 3455.00, 2660.30),
(364, 35, '2025-02-01', '2025-02-28', 3200.00, 0.00, 0.00, 0.00, 0.00, 0.00, 82.00, 0.00, 0.00, 0.00, 0.00, 320.00, 0.00, 0.00, 0.00, 50.00, 0.00, 3865.33, 3865.33, 181.67, 5.02, 59.91, 3.87, 0.00, 0.00, 250.47, 516.46, 766.93, 3652.00, 2885.07),
(365, 35, '2025-03-01', '2025-03-31', 3200.00, 150.00, 0.00, 0.00, 0.00, 0.00, 0.00, 0.00, 60.00, 0.00, 0.00, 0.00, 0.00, 0.00, 0.00, 0.00, 93.00, 3968.33, 3968.33, 186.51, 5.16, 61.51, 3.97, 0.00, 0.00, 257.15, 528.55, 785.70, 3503.00, 2717.30),
(366, 35, '2025-04-01', '2025-04-30', 3200.00, 0.00, 80.00, 0.00, 0.00, 0.00, 95.00, 0.00, 0.00, 0.00, 0.00, 0.00, 0.00, 0.00, 0.00, 120.00, 0.00, 4028.33, 4028.33, 189.33, 5.24, 62.44, 4.03, 0.00, 0.00, 261.04, 541.73, 802.76, 3495.00, 2692.24),
(367, 35, '2025-05-01', '2025-05-31', 3200.00, 150.00, 180.00, 0.00, 0.00, 0.00, 0.00, 97.00, 0.00, 0.00, 0.00, 0.00, 0.00, 0.00, 0.00, 160.00, 0.00, 4345.33, 4345.33, 204.23, 5.65, 67.35, 4.35, 0.00, 0.00, 281.58, 586.99, 868.56, 3787.00, 2918.44),
(368, 35, '2025-06-01', '2025-06-30', 3200.00, 0.00, 90.00, 0.00, 150.00, 0.00, 0.00, 0.00, 0.00, 0.00, 0.00, 300.00, 0.00, 0.00, 0.00, 0.00, 0.00, 3973.33, 3973.33, 186.75, 5.17, 61.59, 3.97, 0.00, 0.00, 257.47, 533.20, 790.67, 3740.00, 2949.33),
(369, 35, '2025-07-01', '2025-07-31', 3200.00, 50.00, 0.00, 0.00, 0.00, 250.00, 0.00, 0.00, 0.00, 0.00, 0.00, 186.00, 0.00, 0.00, 0.00, 80.00, 0.00, 4121.67, 4121.67, 193.72, 5.36, 63.89, 4.12, 0.00, 0.00, 267.08, 554.90, 821.98, 3766.00, 2944.02),
(370, 35, '2025-08-01', '2025-08-31', 3200.00, 0.00, 0.00, 0.00, 0.00, 0.00, 0.00, 0.00, 0.00, 0.00, 0.00, 157.00, 0.00, 0.00, 0.00, 0.00, 0.00, 3733.33, 3733.33, 175.47, 4.85, 57.87, 3.73, 0.00, 0.00, 241.92, 496.00, 737.92, 3357.00, 2619.08),
(371, 35, '2025-09-01', '2025-09-30', 3200.00, 95.00, 0.00, 150.00, 0.00, 80.00, 0.00, 0.00, 0.00, 0.00, 0.00, 80.00, 0.00, 0.00, 0.00, 0.00, 0.00, 4074.17, 4074.17, 191.49, 5.30, 63.15, 4.07, 0.00, 0.00, 264.01, 546.38, 810.38, 3605.00, 2794.62),
(372, 35, '2025-10-01', '2025-10-31', 3200.00, 0.00, 0.00, 0.00, 0.00, 0.00, 0.00, 0.00, 0.00, 0.00, 0.00, 0.00, 0.00, 0.00, 0.00, 169.00, 258.00, 3902.33, 3902.33, 183.41, 5.07, 60.49, 3.90, 0.00, 0.00, 252.87, 522.20, 775.07, 3627.00, 2851.93),
(373, 35, '2025-11-01', '2025-11-30', 3200.00, 80.00, 0.00, 0.00, 0.00, 0.00, 0.00, 0.00, 0.00, 150.00, 0.00, 200.00, 0.00, 0.00, 0.00, 0.00, 0.00, 3826.67, 3976.67, 179.85, 4.97, 61.64, 3.98, 7.05, 0.00, 257.49, 531.65, 789.14, 3630.00, 2840.86),
(374, 35, '2025-12-01', '2025-12-31', 3200.00, 0.00, 180.00, 0.00, 0.00, 0.00, 0.00, 0.00, 0.00, 0.00, 0.00, 0.00, 0.00, 0.00, 0.00, 0.00, 0.00, 3913.33, 3913.33, 183.93, 5.09, 60.66, 3.91, 0.00, 0.00, 253.58, 523.90, 777.48, 3380.00, 2602.52),
(375, 36, '2025-01-01', '2025-01-31', 3100.00, 50.00, 0.00, 85.00, 0.00, 0.00, 0.00, 0.00, 0.00, 190.00, 0.00, 0.00, 0.00, 0.00, 0.00, 0.00, 0.00, 3760.00, 3950.00, 176.72, 4.89, 61.23, 3.95, 8.93, 0.00, 255.71, 633.63, 889.34, 3425.00, 2535.66),
(376, 36, '2025-02-01', '2025-02-28', 3100.00, 0.00, 0.00, 0.00, 0.00, 0.00, 0.00, 0.00, 0.00, 0.00, 0.00, 0.00, 0.00, 0.00, 0.00, 100.00, 298.00, 3716.67, 3716.67, 174.68, 4.83, 57.61, 3.72, 0.00, 0.00, 240.84, 592.00, 832.84, 3498.00, 2665.16),
(377, 36, '2025-03-01', '2025-03-31', 3100.00, 150.00, 0.00, 95.00, 0.00, 0.00, 0.00, 0.00, 50.00, 0.00, 0.00, 95.00, 0.00, 0.00, 0.00, 0.00, 0.00, 3936.67, 3936.67, 185.02, 5.12, 61.02, 3.94, 0.00, 0.00, 255.10, 628.08, 883.17, 3490.00, 2606.83),
(378, 36, '2025-04-01', '2025-04-30', 3100.00, 85.00, 0.00, 150.00, 0.00, 0.00, 0.00, 0.00, 0.00, 0.00, 0.00, 190.00, 0.00, 0.00, 0.00, 50.00, 0.00, 3915.83, 3915.83, 184.04, 5.09, 60.70, 3.92, 0.00, 0.00, 253.75, 626.23, 879.97, 3575.00, 2695.03),
(379, 36, '2025-05-01', '2025-05-31', 3100.00, 190.00, 0.00, 0.00, 45.00, 0.00, 0.00, 0.00, 50.00, 0.00, 0.00, 0.00, 0.00, 0.00, 0.00, 0.00, 0.00, 3933.33, 3933.33, 184.87, 5.11, 60.97, 3.93, 0.00, 0.00, 254.88, 626.23, 881.11, 3385.00, 2503.89),
(380, 36, '2025-06-01', '2025-06-30', 3100.00, 95.00, 0.00, 0.00, 60.00, 0.00, 0.00, 0.00, 0.00, 50.00, 0.00, 0.00, 0.00, 0.00, 0.00, 90.00, 0.00, 3877.50, 3927.50, 182.24, 5.04, 60.88, 3.93, 2.35, 0.00, 254.44, 628.08, 882.51, 3395.00, 2512.49),
(381, 36, '2025-07-01', '2025-07-31', 3100.00, 60.00, 0.00, 62.00, 0.00, 57.00, 0.00, 0.00, 0.00, 0.00, 0.00, 216.00, 0.00, 0.00, 0.00, 0.00, 0.00, 3805.67, 3805.67, 178.87, 4.95, 58.99, 3.81, 0.00, 0.00, 246.61, 606.62, 853.22, 3495.00, 2641.78),
(382, 36, '2025-08-01', '2025-08-31', 3100.00, 0.00, 0.00, 0.00, 0.00, 0.00, 0.00, 0.00, 0.00, 0.00, 0.00, 0.00, 0.00, 0.00, 0.00, 0.00, 0.00, 3616.67, 3616.67, 169.98, 4.70, 56.06, 3.62, 0.00, 0.00, 234.36, 573.50, 807.86, 3100.00, 2292.14),
(383, 36, '2025-09-01', '2025-09-30', 3100.00, 170.00, 99.00, 0.00, 0.00, 0.00, 0.00, 0.00, 0.00, 0.00, 0.00, 200.00, 0.00, 0.00, 0.00, 0.00, 0.00, 3914.00, 3914.00, 183.96, 5.09, 60.67, 3.91, 0.00, 0.00, 253.63, 623.26, 876.89, 3569.00, 2692.11),
(384, 36, '2025-10-01', '2025-10-31', 3100.00, 0.00, 0.00, 0.00, 0.00, 0.00, 0.00, 0.00, 300.00, 0.00, 0.00, 0.00, 0.00, 0.00, 0.00, 0.00, 320.00, 3916.67, 3916.67, 184.08, 5.09, 60.71, 3.92, 0.00, 0.00, 253.80, 629.00, 882.80, 3720.00, 2837.20),
(385, 36, '2025-11-01', '2025-11-30', 3100.00, 298.00, 0.00, 0.00, 0.00, 0.00, 50.00, 0.00, 0.00, 0.00, 0.00, 0.00, 0.00, 0.00, 0.00, 0.00, 0.00, 4014.33, 4014.33, 188.67, 5.22, 62.22, 4.01, 0.00, 0.00, 260.13, 637.88, 898.01, 3448.00, 2549.99),
(386, 36, '2025-12-01', '2025-12-31', 3100.00, 0.00, 0.00, 0.00, 0.00, 0.00, 0.00, 0.00, 0.00, 0.00, 0.00, 90.00, 0.00, 0.00, 0.00, 0.00, 0.00, 3616.67, 3616.67, 169.98, 4.70, 56.06, 3.62, 0.00, 0.00, 234.36, 573.50, 807.86, 3190.00, 2382.14),
(387, 37, '2025-01-01', '2025-01-31', 2800.00, 90.00, 0.00, 0.00, 0.00, 0.00, 150.00, 0.00, 0.00, 0.00, 0.00, 0.00, 0.00, 0.00, 0.00, 0.00, 0.00, 3521.67, 3521.67, 165.52, 4.58, 54.59, 3.52, 0.00, 0.00, 228.20, 562.40, 790.60, 3040.00, 2249.40),
(388, 37, '2025-02-01', '2025-02-28', 2800.00, 0.00, 90.00, 40.00, 60.00, 0.00, 0.00, 0.00, 0.00, 0.00, 0.00, 100.00, 0.00, 0.00, 0.00, 0.00, 0.00, 3456.67, 3456.67, 162.46, 4.49, 53.58, 3.46, 0.00, 0.00, 223.99, 553.15, 777.14, 3090.00, 2312.86),
(389, 37, '2025-03-01', '2025-03-31', 2800.00, 0.00, 0.00, 0.00, 0.00, 0.00, 0.00, 0.00, 0.00, 75.00, 0.00, 210.00, 0.00, 0.00, 0.00, 75.00, 0.00, 3341.67, 3416.67, 157.06, 4.34, 52.96, 3.42, 3.52, 0.00, 221.30, 545.75, 767.05, 3160.00, 2392.95),
(390, 37, '2025-04-01', '2025-04-30', 2800.00, 0.00, 0.00, 0.00, 0.00, 0.00, 0.00, 0.00, 90.00, 0.00, 0.00, 0.00, 0.00, 0.00, 0.00, 0.00, 180.00, 3356.67, 3356.67, 157.76, 4.36, 52.03, 3.36, 0.00, 0.00, 217.51, 534.65, 752.16, 3070.00, 2317.84),
(391, 37, '2025-05-01', '2025-05-31', 2800.00, 45.00, 0.00, 96.00, 0.00, 0.00, 57.00, 0.00, 0.00, 0.00, 0.00, 80.00, 0.00, 0.00, 0.00, 120.00, 0.00, 3592.17, 3592.17, 168.83, 4.67, 55.68, 3.59, 0.00, 0.00, 232.77, 576.83, 809.60, 3198.00, 2388.40),
(392, 37, '2025-06-01', '2025-06-30', 2800.00, 140.00, 0.00, 0.00, 0.00, 0.00, 0.00, 15.00, 0.00, 75.00, 0.00, 0.00, 0.00, 0.00, 0.00, 0.00, 0.00, 3445.00, 3520.00, 161.91, 4.48, 54.56, 3.52, 3.52, 0.00, 228.00, 560.55, 788.55, 3030.00, 2241.45),
(393, 37, '2025-07-01', '2025-07-31', 2800.00, 0.00, 0.00, 48.00, 0.00, 0.00, 0.00, 0.00, 0.00, 0.00, 0.00, 239.00, 0.00, 0.00, 0.00, 0.00, 90.00, 3314.67, 3314.67, 155.79, 4.31, 51.38, 3.31, 0.00, 0.00, 214.79, 526.88, 741.67, 3177.00, 2435.33),
(394, 37, '2025-08-01', '2025-08-31', 2800.00, 0.00, 0.00, 0.00, 0.00, 0.00, 0.00, 0.00, 0.00, 0.00, 0.00, 0.00, 0.00, 0.00, 0.00, 0.00, 0.00, 3266.67, 3266.67, 153.53, 4.25, 50.63, 3.27, 0.00, 0.00, 211.68, 518.00, 729.68, 2800.00, 2070.32),
(395, 37, '2025-09-01', '2025-09-30', 2800.00, 152.00, 0.00, 0.00, 0.00, 45.00, 0.00, 0.00, 0.00, 0.00, 0.00, 90.00, 0.00, 0.00, 0.00, 0.00, 0.00, 3489.00, 3489.00, 163.98, 4.54, 54.08, 3.49, 0.00, 0.00, 226.09, 554.45, 780.53, 3087.00, 2306.47),
(396, 37, '2025-10-01', '2025-10-31', 2800.00, 0.00, 0.00, 180.00, 0.00, 0.00, 0.00, 0.00, 0.00, 50.00, 0.00, 0.00, 0.00, 0.00, 0.00, 0.00, 0.00, 3446.67, 3496.67, 161.99, 4.48, 54.20, 3.50, 2.35, 0.00, 226.52, 560.55, 787.07, 3030.00, 2242.93),
(397, 37, '2025-11-01', '2025-11-30', 2800.00, 0.00, 0.00, 0.00, 0.00, 0.00, 0.00, 0.00, 0.00, 0.00, 0.00, 0.00, 190.00, 0.00, 0.00, 80.00, 0.00, 3346.67, 3346.67, 157.29, 4.35, 51.87, 3.35, 0.00, 0.00, 216.86, 567.95, 784.81, 3070.00, 2285.19),
(398, 37, '2025-12-01', '2025-12-31', 2800.00, 200.00, 0.00, 150.00, 0.00, 0.00, 0.00, 0.00, 0.00, 0.00, 0.00, 0.00, 0.00, 0.00, 0.00, 85.00, 0.00, 3735.00, 3735.00, 175.54, 4.86, 57.89, 3.73, 0.00, 0.00, 242.03, 598.48, 840.50, 3235.00, 2394.50),
(399, 38, '2025-01-01', '2025-01-31', 3500.00, 0.00, 0.00, 120.00, 0.00, 80.00, 0.00, 0.00, 0.00, 0.00, 0.00, 50.00, 0.00, 0.00, 0.00, 0.00, 0.00, 4283.33, 4283.33, 201.32, 5.57, 66.39, 4.28, 0.00, 0.00, 277.56, 536.50, 814.06, 3750.00, 2935.94),
(400, 38, '2025-02-01', '2025-02-28', 3500.00, 0.00, 0.00, 120.00, 0.00, 0.00, 0.00, 0.00, 45.00, 0.00, 0.00, 0.00, 0.00, 0.00, 0.00, 80.00, 0.00, 4328.33, 4328.33, 203.43, 5.63, 67.09, 4.33, 0.00, 0.00, 280.48, 543.02, 823.50, 3745.00, 2921.50),
(401, 38, '2025-03-01', '2025-03-31', 3500.00, 0.00, 0.00, 120.00, 0.00, 0.00, 0.00, 0.00, 0.00, 175.00, 0.00, 0.00, 0.00, 0.00, 0.00, 120.00, 0.00, 4323.33, 4498.33, 203.20, 5.62, 69.72, 4.50, 8.22, 0.00, 291.26, 567.67, 858.94, 3915.00, 3056.06),
(402, 38, '2025-04-01', '2025-04-30', 3500.00, 90.00, 150.00, 120.00, 0.00, 0.00, 0.00, 0.00, 0.00, 0.00, 0.00, 0.00, 0.00, 0.00, 0.00, 0.00, 300.00, 4458.33, 4458.33, 209.54, 5.80, 69.10, 4.46, 0.00, 0.00, 288.90, 559.70, 848.60, 4160.00, 3311.40),
(403, 38, '2025-05-01', '2025-05-31', 3500.00, 0.00, 0.00, 120.00, 0.00, 0.00, 95.00, 0.00, 50.00, 0.00, 0.00, 0.00, 0.00, 0.00, 0.00, 140.00, 0.00, 4488.33, 4488.33, 210.95, 5.83, 69.57, 4.49, 0.00, 0.00, 290.84, 566.22, 857.07, 3905.00, 3047.93),
(404, 38, '2025-06-01', '2025-06-30', 3500.00, 0.00, 0.00, 120.00, 0.00, 0.00, 0.00, 0.00, 0.00, 0.00, 0.00, 0.00, 0.00, 0.00, 0.00, 45.00, 90.00, 4248.33, 4248.33, 199.67, 5.52, 65.85, 4.25, 0.00, 0.00, 275.29, 531.42, 806.72, 3755.00, 2948.28),
(405, 38, '2025-07-01', '2025-07-31', 3500.00, 150.00, 0.00, 120.00, 0.00, 0.00, 0.00, 0.00, 50.00, 0.00, 0.00, 0.00, 0.00, 0.00, 0.00, 0.00, 320.00, 4428.33, 4428.33, 208.13, 5.76, 68.64, 4.43, 0.00, 0.00, 286.96, 553.90, 840.86, 4140.00, 3299.14),
(406, 38, '2025-08-01', '2025-08-31', 3500.00, 0.00, 0.00, 120.00, 0.00, 0.00, 0.00, 0.00, 80.00, 0.00, 0.00, 0.00, 0.00, 0.00, 0.00, 0.00, 0.00, 4283.33, 4283.33, 201.32, 5.57, 66.39, 4.28, 0.00, 0.00, 277.56, 536.50, 814.06, 3700.00, 2885.94),
(407, 38, '2025-09-01', '2025-09-30', 3500.00, 45.00, 0.00, 120.00, 0.00, 0.00, 0.00, 0.00, 0.00, 0.00, 0.00, 0.00, 0.00, 0.00, 0.00, 170.00, 0.00, 4425.83, 4425.83, 208.01, 5.75, 68.60, 4.43, 0.00, 0.00, 286.79, 556.07, 842.87, 3835.00, 2992.13),
(408, 38, '2025-10-01', '2025-10-31', 3500.00, 0.00, 0.00, 120.00, 0.00, 0.00, 0.00, 0.00, 0.00, 100.00, 0.00, 0.00, 0.00, 0.00, 0.00, 85.00, 0.00, 4288.33, 4388.33, 201.55, 5.57, 68.02, 4.39, 4.70, 0.00, 284.23, 551.72, 835.96, 3805.00, 2969.04),
(409, 38, '2025-11-01', '2025-11-30', 3500.00, 150.00, 0.00, 120.00, 0.00, 0.00, 0.00, 0.00, 0.00, 0.00, 0.00, 0.00, 0.00, 0.00, 0.00, 80.00, 230.00, 4458.33, 4458.33, 209.54, 5.80, 69.10, 4.46, 0.00, 0.00, 288.90, 558.25, 847.15, 4080.00, 3232.85),
(410, 38, '2025-12-01', '2025-12-31', 3500.00, 150.00, 0.00, 120.00, 0.00, 0.00, 0.00, 0.00, 0.00, 0.00, 0.00, 0.00, 0.00, 0.00, 0.00, 0.00, 0.00, 4378.33, 4378.33, 205.78, 5.69, 67.86, 4.38, 0.00, 0.00, 283.72, 546.65, 830.37, 3770.00, 2939.63),
(411, 39, '2025-01-01', '2025-01-31', 3000.00, 300.00, 0.00, 0.00, 0.00, 0.00, 0.00, 0.00, 0.00, 0.00, 0.00, 0.00, 0.00, 0.00, 0.00, 80.00, 0.00, 3930.00, 3930.00, 184.71, 5.11, 60.91, 3.93, 0.00, 0.00, 254.66, 523.90, 778.56, 3380.00, 2601.44),
(412, 39, '2025-02-01', '2025-02-28', 3000.00, 0.00, 0.00, 90.00, 80.00, 150.00, 0.00, 0.00, 0.00, 0.00, 0.00, 0.00, 0.00, 0.00, 0.00, 0.00, 120.00, 3820.00, 3820.00, 179.54, 4.97, 59.21, 3.82, 0.00, 0.00, 247.54, 514.60, 762.14, 3440.00, 2677.86),
(413, 39, '2025-03-01', '2025-03-31', 3000.00, 95.00, 0.00, 0.00, 0.00, 0.00, 0.00, 80.00, 0.00, 0.00, 0.00, 0.00, 0.00, 0.00, 0.00, 140.00, 0.00, 3830.83, 3830.83, 180.05, 4.98, 59.38, 3.83, 0.00, 0.00, 248.24, 513.83, 762.06, 3315.00, 2552.94),
(414, 39, '2025-04-01', '2025-04-30', 3000.00, 0.00, 0.00, 0.00, 0.00, 0.00, 0.00, 0.00, 0.00, 0.00, 0.00, 285.00, 0.00, 0.00, 0.00, 190.00, 300.00, 3690.00, 3690.00, 173.43, 4.80, 57.20, 3.69, 0.00, 0.00, 239.11, 494.45, 733.56, 3775.00, 3041.44),
(415, 39, '2025-05-01', '2025-05-31', 3000.00, 150.00, 0.00, 90.00, 40.00, 0.00, 0.00, 0.00, 0.00, 0.00, 0.00, 120.00, 0.00, 0.00, 0.00, 0.00, 0.00, 3805.00, 3805.00, 178.84, 4.95, 58.98, 3.81, 0.00, 0.00, 246.56, 508.40, 754.96, 3400.00, 2645.04),
(416, 39, '2025-04-01', '2025-04-30', 3000.00, 120.00, 80.00, 0.00, 70.00, 0.00, 0.00, 0.00, 0.00, 0.00, 0.00, 0.00, 0.00, 0.00, 0.00, 140.00, 0.00, 3930.00, 3930.00, 184.71, 5.11, 60.91, 3.93, 0.00, 0.00, 254.66, 528.55, 783.21, 3410.00, 2626.79);
INSERT INTO `nominas` (`id_nomina`, `id_empleado`, `fecha_inicio`, `fecha_fin`, `salario_base`, `incentivos`, `plus_especial_dedicacion`, `plus_antiguedad`, `plus_actividad`, `plus_nocturnidad`, `plus_responsabilidad`, `plus_convenio`, `plus_idiomas`, `horas_extra`, `horas_complementarias`, `salario_especie`, `indemnizaciones`, `indemnizaciones_ss`, `indemnizaciones_despido`, `plus_transporte`, `dietas`, `base_cc`, `base_cp`, `importe_cc`, `importe_MEI`, `importe_desempleo`, `importe_fp`, `importe_horas_extra`, `importe_horas_extra_fuerza_mayor`, `cotizacion_ss`, `importe_irpf`, `total_deducciones`, `total_devengado`, `salario_neto`) VALUES
(417, 39, '2025-06-01', '2025-06-30', 3000.00, 40.00, 0.00, 0.00, 95.00, 0.00, 0.00, 0.00, 0.00, 0.00, 0.00, 90.00, 0.00, 0.00, 0.00, 85.00, 0.00, 3726.67, 3726.67, 175.15, 4.84, 57.76, 3.73, 0.00, 0.00, 241.49, 499.10, 740.59, 3310.00, 2569.41),
(418, 39, '2025-07-01', '2025-07-31', 3000.00, 95.00, 0.00, 0.00, 0.00, 0.00, 0.00, 0.00, 0.00, 0.00, 0.00, 0.00, 0.00, 0.00, 0.00, 80.00, 320.00, 3690.83, 3690.83, 173.47, 4.80, 57.21, 3.69, 0.00, 0.00, 239.17, 492.13, 731.29, 3495.00, 2763.71),
(419, 39, '2025-08-01', '2025-08-31', 3000.00, 0.00, 0.00, 0.00, 0.00, 0.00, 0.00, 0.00, 0.00, 0.00, 0.00, 0.00, 0.00, 0.00, 0.00, 0.00, 0.00, 3500.00, 3500.00, 164.50, 4.55, 54.25, 3.50, 0.00, 0.00, 226.80, 465.00, 691.80, 3000.00, 2308.20),
(420, 39, '2025-09-01', '2025-09-30', 3000.00, 130.00, 0.00, 20.00, 0.00, 0.00, 0.00, 79.00, 0.00, 0.00, 0.00, 0.00, 0.00, 0.00, 0.00, 0.00, 0.00, 3750.67, 3750.67, 176.28, 4.88, 58.14, 3.75, 0.00, 0.00, 243.04, 500.50, 743.54, 3229.00, 2485.46),
(421, 39, '2025-10-01', '2025-10-31', 3000.00, 150.00, 0.00, 0.00, 0.00, 0.00, 0.00, 0.00, 0.00, 0.00, 0.00, 100.00, 0.00, 0.00, 0.00, 35.00, 0.00, 3710.00, 3710.00, 174.37, 4.82, 57.51, 3.71, 0.00, 0.00, 240.41, 493.68, 734.08, 3285.00, 2550.92),
(422, 39, '2025-11-01', '2025-11-30', 3000.00, 0.00, 0.00, 0.00, 0.00, 200.00, 0.00, 0.00, 0.00, 175.00, 0.00, 80.00, 0.00, 0.00, 0.00, 0.00, 0.00, 3700.00, 3875.00, 173.90, 4.81, 60.06, 3.88, 8.22, 0.00, 250.87, 523.13, 774.00, 3455.00, 2681.00),
(423, 39, '2025-12-01', '2025-12-31', 3000.00, 170.00, 0.00, 40.00, 0.00, 0.00, 0.00, 0.00, 0.00, 0.00, 0.00, 0.00, 0.00, 0.00, 0.00, 100.00, 0.00, 3838.33, 3838.33, 180.40, 4.99, 59.49, 3.84, 0.00, 0.00, 248.72, 513.05, 761.77, 3310.00, 2548.23);

--
-- Índices para tablas volcadas
--

--
-- Indices de la tabla `costes_trabajador`
--
ALTER TABLE `costes_trabajador`
  ADD PRIMARY KEY (`id_costo`),
  ADD KEY `fk_empleado_coste` (`id_empleado`);

--
-- Indices de la tabla `departamentos`
--
ALTER TABLE `departamentos`
  ADD PRIMARY KEY (`id_departamento`);

--
-- Indices de la tabla `empleados`
--
ALTER TABLE `empleados`
  ADD PRIMARY KEY (`id_empleado`),
  ADD UNIQUE KEY `dni` (`dni`),
  ADD UNIQUE KEY `num_seguridad_social` (`num_seguridad_social`),
  ADD KEY `fk_departamento_empleado` (`id_departamento`);

--
-- Indices de la tabla `nominas`
--
ALTER TABLE `nominas`
  ADD PRIMARY KEY (`id_nomina`),
  ADD KEY `fk_empleado_nomina` (`id_empleado`);

--
-- AUTO_INCREMENT de las tablas volcadas
--

--
-- AUTO_INCREMENT de la tabla `costes_trabajador`
--
ALTER TABLE `costes_trabajador`
  MODIFY `id_costo` int(11) NOT NULL AUTO_INCREMENT, AUTO_INCREMENT=424;

--
-- AUTO_INCREMENT de la tabla `departamentos`
--
ALTER TABLE `departamentos`
  MODIFY `id_departamento` int(11) NOT NULL AUTO_INCREMENT, AUTO_INCREMENT=9;

--
-- AUTO_INCREMENT de la tabla `empleados`
--
ALTER TABLE `empleados`
  MODIFY `id_empleado` int(11) NOT NULL AUTO_INCREMENT, AUTO_INCREMENT=237;

--
-- AUTO_INCREMENT de la tabla `nominas`
--
ALTER TABLE `nominas`
  MODIFY `id_nomina` int(11) NOT NULL AUTO_INCREMENT, AUTO_INCREMENT=424;

--
-- Restricciones para tablas volcadas
--

--
-- Filtros para la tabla `costes_trabajador`
--
ALTER TABLE `costes_trabajador`
  ADD CONSTRAINT `fk_empleado_coste` FOREIGN KEY (`id_empleado`) REFERENCES `empleados` (`id_empleado`) ON DELETE CASCADE;

--
-- Filtros para la tabla `empleados`
--
ALTER TABLE `empleados`
  ADD CONSTRAINT `fk_departamento_empleado` FOREIGN KEY (`id_departamento`) REFERENCES `departamentos` (`id_departamento`) ON DELETE CASCADE;

--
-- Filtros para la tabla `nominas`
--
ALTER TABLE `nominas`
  ADD CONSTRAINT `fk_empleado_nomina` FOREIGN KEY (`id_empleado`) REFERENCES `empleados` (`id_empleado`) ON DELETE CASCADE;
COMMIT;

/*!40101 SET CHARACTER_SET_CLIENT=@OLD_CHARACTER_SET_CLIENT */;
/*!40101 SET CHARACTER_SET_RESULTS=@OLD_CHARACTER_SET_RESULTS */;
/*!40101 SET COLLATION_CONNECTION=@OLD_COLLATION_CONNECTION */;
