-- phpMyAdmin SQL Dump
-- version 5.2.1
-- https://www.phpmyadmin.net/
--
-- Servidor: 127.0.0.1
-- Tiempo de generación: 27-04-2025 a las 21:36:58
-- Versión del servidor: 10.4.32-MariaDB
-- Versión de PHP: 8.1.25

SET SQL_MODE = "NO_AUTO_VALUE_ON_ZERO";
START TRANSACTION;
SET time_zone = "+00:00";


/*!40101 SET @OLD_CHARACTER_SET_CLIENT=@@CHARACTER_SET_CLIENT */;
/*!40101 SET @OLD_CHARACTER_SET_RESULTS=@@CHARACTER_SET_RESULTS */;
/*!40101 SET @OLD_COLLATION_CONNECTION=@@COLLATION_CONNECTION */;
/*!40101 SET NAMES utf8mb4 */;

--
-- Base de datos: `sistema_empresas_nike`
--

-- --------------------------------------------------------

--
-- Estructura de tabla para la tabla `costes_trabajador`
--

CREATE TABLE `costes_trabajador` (
  `id_costo` int(11) NOT NULL,
  `id_empleado` int(11) NOT NULL,
  `fecha_inicio` date NOT NULL,
  `fecha_fin` date NOT NULL,
  `cotizacion_contingencias_comunes` decimal(10,2) DEFAULT NULL,
  `cotizacion_accidentes_trabajo` decimal(10,2) DEFAULT NULL,
  `cotizacion_desempleo_empresa` decimal(10,2) DEFAULT NULL,
  `cotizacion_formacion_empresa` decimal(10,2) DEFAULT NULL,
  `cotizacion_fogasa_empresa` decimal(10,2) DEFAULT NULL,
  `cotizacion_horas_extra` decimal(10,2) DEFAULT NULL,
  `cotizacion_horas_extra_fuerza_mayor` decimal(10,2) DEFAULT NULL,
  `coste_total_trabajador` decimal(10,2) DEFAULT NULL
) ENGINE=InnoDB DEFAULT CHARSET=utf8mb4 COLLATE=utf8mb4_general_ci;

--
-- Volcado de datos para la tabla `costes_trabajador`
--

INSERT INTO `costes_trabajador` (`id_costo`, `id_empleado`, `fecha_inicio`, `fecha_fin`, `cotizacion_contingencias_comunes`, `cotizacion_accidentes_trabajo`, `cotizacion_desempleo_empresa`, `cotizacion_formacion_empresa`, `cotizacion_fogasa_empresa`, `cotizacion_horas_extra`, `cotizacion_horas_extra_fuerza_mayor`, `coste_total_trabajador`) VALUES
(1, 1, '2025-01-01', '2025-01-31', 1253.95, 79.70, 292.23, 31.88, 10.63, 0.00, 0.00, 1668.39),
(2, 1, '2025-02-01', '2025-02-28', 1150.09, 73.85, 270.78, 29.54, 9.85, 11.80, 0.00, 1545.90),
(3, 1, '2025-03-01', '2025-03-31', 1192.98, 75.83, 278.03, 30.33, 10.11, 0.00, 0.00, 1587.27),
(4, 1, '2025-04-01', '2025-04-30', 1230.35, 79.70, 292.23, 31.88, 10.63, 23.60, 0.00, 1668.39),
(5, 1, '2025-05-01', '2025-05-31', 1192.98, 76.58, 280.78, 30.63, 10.21, 11.80, 0.00, 1602.97),
(6, 1, '2025-06-01', '2025-06-30', 1189.05, 77.07, 282.61, 30.83, 10.28, 23.60, 0.00, 1613.44),
(7, 1, '2025-07-01', '2025-07-31', 1175.28, 74.70, 273.90, 29.88, 9.96, 0.00, 0.00, 1563.72),
(8, 1, '2025-08-01', '2025-08-31', 1156.40, 73.50, 269.50, 29.40, 9.80, 0.00, 0.00, 1538.60),
(9, 1, '2025-09-01', '2025-09-30', 1220.51, 77.58, 284.44, 31.03, 10.34, 0.00, 0.00, 1623.90),
(10, 1, '2025-10-01', '2025-10-31', 1195.93, 76.01, 278.71, 30.41, 10.14, 0.00, 0.00, 1591.20),
(11, 1, '2025-11-01', '2025-11-30', 1202.81, 77.58, 284.44, 31.03, 10.34, 17.70, 0.00, 1623.90),
(12, 1, '2025-12-01', '2025-12-31', 1194.16, 75.90, 278.30, 30.36, 10.12, 0.00, 0.00, 1588.84),
(13, 2, '2025-01-01', '2025-01-31', 816.17, 54.12, 198.46, 21.65, 7.22, 35.40, 0.00, 1133.02),
(14, 2, '2025-02-01', '2025-02-28', 780.37, 49.60, 181.87, 19.84, 6.61, 0.00, 0.00, 1038.29),
(15, 2, '2025-03-01', '2025-03-31', 827.97, 52.62, 192.96, 21.05, 7.02, 0.00, 0.00, 1101.62),
(16, 2, '2025-04-01', '2025-04-30', 858.65, 54.57, 200.11, 21.83, 7.28, 0.00, 0.00, 1142.44),
(17, 2, '2025-05-01', '2025-05-31', 816.17, 51.87, 190.21, 20.75, 6.92, 0.00, 0.00, 1085.92),
(18, 2, '2025-06-01', '2025-06-30', 888.15, 57.41, 210.50, 22.96, 7.65, 15.10, 0.00, 1201.78),
(19, 2, '2025-07-01', '2025-07-31', 839.77, 53.37, 195.71, 21.35, 7.12, 0.00, 0.00, 1117.32),
(20, 2, '2025-08-01', '2025-08-31', 816.17, 51.87, 190.21, 20.75, 6.92, 0.00, 0.00, 1085.92),
(21, 2, '2025-09-01', '2025-09-30', 847.40, 54.99, 201.61, 21.99, 7.33, 17.70, 0.00, 1151.02),
(22, 2, '2025-10-01', '2025-10-31', 840.95, 53.45, 195.98, 21.38, 7.13, 0.00, 0.00, 1118.89),
(23, 2, '2025-11-01', '2025-11-30', 827.97, 52.62, 192.96, 21.05, 7.02, 0.00, 0.00, 1101.62),
(24, 2, '2025-12-01', '2025-12-31', 840.95, 53.45, 195.98, 21.38, 7.13, 0.00, 0.00, 1118.89),
(25, 2, '2025-12-01', '2025-12-31', 840.95, 53.45, 195.98, 21.38, 7.13, 0.00, 0.00, 1118.89),
(26, 3, '2025-01-01', '2025-01-31', 791.70, 50.91, 186.65, 20.36, 6.79, 9.20, 0.00, 1065.61),
(27, 3, '2025-02-01', '2025-02-28', 724.05, 46.02, 168.74, 18.41, 6.14, 0.00, 0.00, 963.35),
(28, 3, '2025-03-01', '2025-03-31', 796.97, 50.66, 185.74, 20.26, 6.75, 0.00, 0.00, 1060.38),
(29, 3, '2025-04-01', '2025-04-30', 803.82, 51.09, 187.33, 20.44, 6.81, 0.00, 0.00, 1069.48),
(30, 3, '2025-05-01', '2025-05-31', 797.44, 50.69, 185.85, 20.27, 6.76, 0.00, 0.00, 1061.01),
(31, 3, '2025-06-01', '2025-06-30', 814.75, 51.78, 189.88, 20.71, 6.90, 0.00, 0.00, 1084.03),
(32, 3, '2025-07-01', '2025-07-31', 790.36, 50.24, 184.20, 20.09, 6.70, 0.00, 0.00, 1051.59),
(33, 3, '2025-08-01', '2025-08-31', 743.40, 47.25, 173.25, 18.90, 6.30, 0.00, 0.00, 989.10),
(34, 3, '2025-09-01', '2025-09-30', 789.66, 53.64, 196.68, 21.46, 7.15, 54.28, 0.00, 1122.86),
(35, 3, '2025-10-01', '2025-10-31', 794.85, 50.52, 185.24, 20.21, 6.74, 0.00, 0.00, 1057.55),
(36, 3, '2025-10-01', '2025-10-31', 794.85, 50.52, 185.24, 20.21, 6.74, 0.00, 0.00, 1057.55),
(37, 3, '2025-11-01', '2025-12-31', 787.30, 52.56, 192.72, 21.02, 7.01, 39.65, 0.00, 1100.26),
(38, 3, '2025-11-01', '2025-12-31', 787.30, 52.56, 192.72, 21.02, 7.01, 39.65, 0.00, 1100.26),
(39, 3, '2025-11-01', '2025-12-31', 787.30, 52.56, 192.72, 21.02, 7.01, 39.65, 0.00, 1100.26),
(40, 3, '2025-11-01', '2025-12-31', 787.30, 52.56, 192.72, 21.02, 7.01, 39.65, 0.00, 1100.26),
(41, 3, '2025-11-01', '2025-12-31', 787.30, 52.56, 192.72, 21.02, 7.01, 39.65, 0.00, 1100.26),
(42, 4, '2025-01-01', '2025-01-31', 726.80, 48.90, 179.28, 19.56, 6.52, 42.48, 0.00, 1023.54),
(43, 4, '2025-02-01', '2025-02-28', 704.87, 44.80, 164.27, 17.92, 5.97, 0.00, 0.00, 937.84),
(44, 4, '2025-03-01', '2025-03-31', 718.07, 45.64, 167.35, 18.26, 6.09, 0.00, 0.00, 955.40),
(45, 4, '2025-04-01', '2025-04-30', 728.53, 46.31, 169.79, 18.52, 6.17, 0.00, 0.00, 969.32),
(46, 4, '2025-05-01', '2025-05-31', 746.86, 47.47, 174.06, 18.99, 6.33, 0.00, 0.00, 993.71),
(47, 4, '2025-05-01', '2025-05-31', 746.86, 47.47, 174.06, 18.99, 6.33, 0.00, 0.00, 993.71),
(48, 4, '2025-06-01', '2025-06-30', 764.21, 48.57, 178.10, 19.43, 6.48, 0.00, 0.00, 1016.79),
(49, 4, '2025-07-01', '2025-07-31', 725.86, 46.87, 171.86, 18.75, 6.25, 11.56, 0.00, 981.15),
(50, 4, '2025-08-01', '2025-08-31', 688.33, 43.75, 160.42, 17.50, 5.83, 0.00, 0.00, 915.83),
(51, 4, '2025-09-01', '2025-09-30', 753.08, 47.87, 175.51, 19.15, 6.38, 0.00, 0.00, 1001.97),
(52, 4, '2025-10-01', '2025-10-31', 797.96, 52.19, 191.35, 20.88, 6.96, 23.13, 0.00, 1092.46),
(53, 4, '2025-11-01', '2025-11-30', 708.39, 45.03, 165.09, 18.01, 6.00, 0.00, 0.00, 942.52),
(54, 4, '2025-11-01', '2025-11-30', 708.39, 45.03, 165.09, 18.01, 6.00, 0.00, 0.00, 942.52),
(55, 4, '2025-12-01', '2025-12-31', 767.35, 48.77, 178.83, 19.51, 6.50, 0.00, 0.00, 1020.97),
(56, 5, '2025-01-01', '2025-01-31', 1135.55, 72.18, 264.64, 28.87, 9.62, 0.00, 0.00, 1510.86),
(57, 5, '2025-02-01', '2025-02-28', 1009.70, 64.18, 235.31, 25.67, 8.56, 0.00, 0.00, 1343.41),
(58, 5, '2025-03-01', '2025-03-31', 1064.52, 68.53, 251.28, 27.41, 9.14, 13.69, 0.00, 1434.56),
(59, 5, '2025-04-01', '2025-04-30', 1016.77, 64.62, 236.96, 25.85, 8.62, 0.00, 0.00, 1352.82),
(60, 5, '2025-05-01', '2025-05-31', 1058.77, 71.34, 261.60, 28.54, 9.51, 63.72, 0.00, 1493.49),
(61, 5, '2025-06-01', '2025-06-30', 1052.32, 66.89, 245.25, 26.75, 8.92, 0.00, 0.00, 1400.13),
(62, 5, '2025-06-01', '2025-06-30', 1052.32, 66.89, 245.25, 26.75, 8.92, 0.00, 0.00, 1400.13),
(63, 5, '2025-07-01', '2025-07-31', 1053.35, 66.95, 245.48, 26.78, 8.93, 0.00, 0.00, 1401.49),
(64, 5, '2025-08-01', '2025-08-31', 1016.77, 64.62, 236.96, 25.85, 8.62, 0.00, 0.00, 1352.82),
(65, 5, '2025-09-01', '2025-09-30', 1051.62, 67.73, 248.33, 27.09, 9.03, 13.92, 0.00, 1417.71),
(66, 5, '2025-10-01', '2025-10-31', 1058.85, 70.75, 259.42, 28.30, 9.43, 54.28, 0.00, 1481.03),
(67, 5, '2025-11-01', '2025-11-30', 1110.10, 70.56, 258.71, 28.22, 9.41, 0.00, 0.00, 1477.00),
(68, 5, '2025-12-01', '2025-12-31', 1036.04, 65.85, 241.45, 26.34, 8.78, 0.00, 0.00, 1378.46),
(69, 6, '2025-01-01', '2025-01-31', 575.29, 36.57, 134.07, 14.63, 4.88, 0.00, 0.00, 765.43),
(70, 6, '2025-02-01', '2025-02-28', 495.65, 31.50, 115.51, 12.60, 4.20, 0.00, 0.00, 659.46),
(71, 6, '2025-03-01', '2025-03-31', 505.59, 34.80, 127.62, 13.92, 4.64, 42.01, 0.00, 728.58),
(72, 6, '2025-03-01', '2025-03-31', 505.59, 34.80, 127.62, 13.92, 4.64, 42.01, 0.00, 728.58),
(73, 6, '2025-04-01', '2025-04-30', 580.60, 36.90, 135.31, 14.76, 4.92, 0.00, 0.00, 772.49),
(74, 6, '2025-05-01', '2025-05-31', 568.09, 37.11, 136.08, 14.85, 4.95, 15.81, 0.00, 776.89),
(75, 6, '2025-06-01', '2025-06-30', 507.44, 32.25, 118.26, 12.90, 4.30, 0.00, 0.00, 675.15),
(76, 6, '2025-07-01', '2025-07-31', 573.79, 36.47, 133.72, 14.59, 4.86, 0.00, 0.00, 763.44),
(77, 6, '2025-08-01', '2025-08-31', 482.93, 30.69, 112.55, 12.28, 4.09, 0.00, 0.00, 642.55),
(78, 6, '2025-09-01', '2025-09-30', 539.34, 36.12, 132.46, 14.45, 4.82, 29.03, 0.00, 756.22),
(79, 6, '2025-10-01', '2025-10-31', 558.81, 35.52, 130.23, 14.21, 4.74, 0.00, 0.00, 743.50),
(80, 6, '2025-11-01', '2025-11-30', 552.48, 35.12, 128.76, 14.05, 4.68, 0.00, 0.00, 735.07),
(81, 6, '2025-12-01', '2025-12-31', 499.18, 31.73, 116.33, 12.69, 4.23, 0.00, 0.00, 664.16),
(82, 7, '2025-01-01', '2025-01-31', 1230.58, 78.21, 286.79, 31.29, 10.43, 0.00, 0.00, 1637.30),
(83, 7, '2025-02-01', '2025-02-28', 1078.16, 68.53, 251.27, 27.41, 9.14, 0.00, 0.00, 1434.51),
(84, 7, '2025-03-01', '2025-03-31', 1176.74, 74.79, 274.24, 29.92, 9.97, 0.00, 0.00, 1565.66),
(85, 7, '2025-04-01', '2025-04-30', 1118.48, 75.39, 276.45, 30.16, 10.05, 67.73, 0.00, 1578.27),
(86, 7, '2025-05-01', '2025-05-31', 1130.40, 71.85, 263.44, 28.74, 9.58, 0.00, 0.00, 1504.01),
(87, 7, '2025-05-01', '2025-05-31', 1130.40, 71.85, 263.44, 28.74, 9.58, 0.00, 0.00, 1504.01),
(88, 7, '2025-06-01', '2025-06-30', 1250.09, 79.46, 291.34, 31.78, 10.59, 0.00, 0.00, 1663.26),
(89, 7, '2025-07-01', '2025-07-31', 1129.18, 71.77, 263.16, 28.71, 9.57, 0.00, 0.00, 1502.39),
(90, 7, '2025-08-01', '2025-08-31', 1074.11, 68.27, 250.32, 27.31, 9.10, 0.00, 0.00, 1429.12),
(91, 7, '2025-09-01', '2025-09-30', 1150.62, 76.58, 280.80, 30.63, 10.21, 54.28, 0.00, 1603.13),
(92, 7, '2025-10-01', '2025-10-31', 1221.10, 77.61, 284.58, 31.05, 10.35, 0.00, 0.00, 1624.69),
(93, 7, '2025-11-01', '2025-11-30', 1141.85, 72.57, 266.11, 29.03, 9.68, 0.00, 0.00, 1519.24),
(94, 7, '2025-12-01', '2025-12-31', 1109.63, 70.53, 258.60, 28.21, 9.40, 0.00, 0.00, 1476.37),
(95, 8, '2025-01-01', '2025-01-31', 959.10, 60.96, 223.52, 24.38, 8.13, 0.00, 0.00, 1276.10),
(96, 8, '2025-02-01', '2025-02-28', 944.28, 60.02, 220.07, 24.01, 8.00, 0.00, 0.00, 1256.38),
(97, 8, '2025-03-01', '2025-03-31', 965.95, 61.40, 225.12, 24.56, 8.19, 0.00, 0.00, 1285.20),
(98, 8, '2025-04-01', '2025-04-30', 1061.57, 67.47, 247.40, 26.99, 9.00, 0.00, 0.00, 1412.43),
(99, 8, '2025-05-01', '2025-05-31', 971.14, 61.73, 226.33, 24.69, 8.23, 0.00, 0.00, 1292.11),
(100, 8, '2025-06-01', '2025-06-30', 953.83, 63.63, 233.29, 25.45, 8.48, 47.20, 0.00, 1331.88),
(101, 8, '2025-07-01', '2025-07-31', 935.74, 59.48, 218.08, 23.79, 7.93, 0.00, 0.00, 1245.01),
(102, 8, '2025-08-01', '2025-08-31', 914.50, 58.13, 213.13, 23.25, 7.75, 0.00, 0.00, 1216.75),
(103, 8, '2025-09-01', '2025-09-30', 1034.23, 70.04, 256.81, 28.02, 9.34, 67.73, 0.00, 1466.17),
(104, 8, '2025-10-01', '2025-10-31', 1008.66, 65.24, 239.20, 26.09, 8.70, 17.70, 0.00, 1365.59),
(105, 8, '2025-11-01', '2025-11-30', 914.50, 58.13, 213.13, 23.25, 7.75, 0.00, 0.00, 1216.75),
(106, 8, '2025-12-01', '2025-12-31', 914.50, 60.38, 221.38, 24.15, 8.05, 35.40, 0.00, 1263.85),
(107, 9, '2025-01-01', '2025-01-31', 505.91, 32.16, 117.90, 12.86, 4.29, 0.00, 0.00, 673.11),
(108, 9, '2025-01-01', '2025-01-31', 505.91, 32.16, 117.90, 12.86, 4.29, 0.00, 0.00, 673.11),
(109, 9, '2025-01-01', '2025-01-31', 505.91, 32.16, 117.90, 12.86, 4.29, 0.00, 0.00, 673.11),
(110, 9, '2025-02-01', '2025-02-28', 469.75, 29.86, 109.47, 11.94, 3.98, 0.00, 0.00, 625.00),
(111, 9, '2025-03-01', '2025-03-31', 502.29, 33.42, 122.56, 13.37, 4.46, 23.60, 0.00, 699.70),
(112, 9, '2025-04-01', '2025-04-30', 484.59, 31.55, 115.68, 12.62, 4.21, 11.80, 0.00, 660.45),
(113, 9, '2025-05-01', '2025-05-31', 510.07, 32.42, 118.87, 12.97, 4.32, 0.00, 0.00, 678.66),
(114, 9, '2025-06-01', '2025-06-30', 517.04, 33.61, 123.25, 13.44, 4.48, 11.80, 0.00, 703.62),
(115, 9, '2025-07-01', '2025-07-31', 484.59, 31.17, 114.31, 12.47, 4.16, 5.90, 0.00, 652.60),
(116, 9, '2025-08-01', '2025-08-31', 484.59, 30.80, 112.93, 12.32, 4.11, 0.00, 0.00, 644.75),
(117, 9, '2025-09-01', '2025-09-30', 515.27, 33.72, 123.66, 13.49, 4.50, 15.34, 0.00, 705.98),
(118, 9, '2025-10-01', '2025-10-31', 519.75, 33.03, 121.13, 13.21, 4.40, 0.00, 0.00, 691.53),
(119, 9, '2025-11-01', '2025-11-30', 505.83, 32.15, 117.88, 12.86, 4.29, 0.00, 0.00, 673.01),
(120, 9, '2025-12-01', '2025-12-31', 503.86, 32.03, 117.43, 12.81, 4.27, 0.00, 0.00, 670.39),
(121, 10, '2025-01-01', '2025-01-31', 557.27, 35.42, 129.87, 14.17, 4.72, 0.00, 0.00, 741.46),
(122, 10, '2025-02-01', '2025-02-28', 500.90, 31.84, 116.73, 12.73, 4.24, 0.00, 0.00, 666.45),
(123, 10, '2025-03-01', '2025-03-31', 540.52, 35.82, 131.36, 14.33, 4.78, 23.13, 0.00, 749.94),
(124, 10, '2025-04-01', '2025-04-30', 541.23, 35.52, 130.26, 14.21, 4.74, 17.70, 0.00, 743.66),
(125, 10, '2025-05-01', '2025-05-31', 545.16, 35.78, 131.18, 14.31, 4.77, 17.70, 0.00, 748.89),
(126, 10, '2025-06-01', '2025-06-30', 551.37, 36.17, 132.62, 14.47, 4.82, 17.70, 0.00, 757.16),
(127, 10, '2025-07-01', '2025-07-31', 541.23, 34.40, 126.13, 13.76, 4.59, 0.00, 0.00, 720.11),
(128, 10, '2025-08-01', '2025-08-31', 517.63, 32.90, 120.63, 13.16, 4.39, 0.00, 0.00, 688.71),
(129, 10, '2025-09-01', '2025-09-30', 578.04, 38.99, 142.96, 15.60, 5.20, 35.40, 0.00, 816.19),
(130, 10, '2025-10-01', '2025-10-31', 558.34, 35.49, 130.12, 14.19, 4.73, 0.00, 0.00, 742.87),
(131, 10, '2025-11-01', '2025-11-30', 582.05, 36.99, 135.65, 14.80, 4.93, 0.00, 0.00, 774.43),
(132, 10, '2025-12-01', '2025-12-31', 547.60, 34.80, 127.62, 13.92, 4.64, 0.00, 0.00, 728.58),
(133, 11, '2025-01-01', '2025-01-31', 1066.33, 67.77, 248.51, 27.11, 9.04, 0.00, 0.00, 1418.76),
(134, 11, '2025-02-01', '2025-02-28', 977.73, 65.59, 240.51, 26.24, 8.75, 54.28, 0.00, 1373.09),
(135, 11, '2025-03-01', '2025-03-31', 1098.11, 69.80, 255.92, 27.92, 9.31, 0.00, 0.00, 1461.04),
(136, 11, '2025-03-01', '2025-03-31', 1098.11, 69.80, 255.92, 27.92, 9.31, 0.00, 0.00, 1461.04),
(137, 11, '2025-04-01', '2025-04-30', 1065.93, 67.75, 248.42, 27.10, 9.03, 0.00, 0.00, 1418.23),
(138, 11, '2025-05-01', '2025-05-31', 1055.71, 67.10, 246.03, 26.84, 8.95, 0.00, 0.00, 1404.63),
(139, 11, '2025-06-01', '2025-06-30', 985.69, 62.65, 229.72, 25.06, 8.35, 0.00, 0.00, 1311.47),
(140, 11, '2025-07-01', '2025-07-31', 1009.29, 64.15, 235.22, 25.66, 8.55, 0.00, 0.00, 1342.87),
(141, 11, '2025-08-01', '2025-08-31', 985.69, 62.65, 229.72, 25.06, 8.35, 0.00, 0.00, 1311.47),
(142, 11, '2025-09-01', '2025-09-30', 1140.98, 72.52, 265.91, 29.01, 9.67, 0.00, 0.00, 1518.09),
(143, 11, '2025-10-01', '2025-10-31', 1073.72, 72.55, 266.02, 29.02, 9.67, 67.73, 0.00, 1518.71),
(144, 11, '2025-11-01', '2025-11-30', 1070.97, 68.07, 249.59, 27.23, 9.08, 0.00, 0.00, 1424.93),
(145, 11, '2025-12-01', '2025-12-31', 1015.90, 64.57, 236.76, 25.83, 8.61, 0.00, 0.00, 1351.67),
(146, 170, '2025-01-01', '2025-01-31', 390.85, 24.84, 91.09, 9.94, 3.31, 0.00, 0.00, 520.03),
(147, 170, '2025-02-01', '2025-02-28', 349.31, 22.20, 81.41, 8.88, 2.96, 0.00, 0.00, 464.76),
(148, 170, '2025-03-01', '2025-03-31', 391.13, 26.36, 96.65, 10.54, 3.51, 23.60, 0.00, 551.80),
(149, 170, '2025-04-01', '2025-04-30', 391.01, 25.98, 95.25, 10.39, 3.46, 17.70, 0.00, 543.79),
(150, 170, '2025-05-01', '2025-05-31', 394.67, 25.08, 91.98, 10.03, 3.34, 0.00, 0.00, 525.11),
(151, 170, '2025-06-01', '2025-06-30', 406.23, 25.82, 94.67, 10.33, 3.44, 0.00, 0.00, 540.49),
(152, 170, '2025-07-01', '2025-07-31', 389.36, 24.75, 90.74, 9.90, 3.30, 0.00, 0.00, 518.04),
(153, 170, '2025-08-01', '2025-08-31', 370.48, 23.55, 86.34, 9.42, 3.14, 0.00, 0.00, 492.92),
(154, 170, '2025-09-01', '2025-09-30', 433.41, 27.55, 101.01, 11.02, 3.67, 0.00, 0.00, 576.66),
(155, 170, '2025-10-01', '2025-10-31', 398.88, 27.60, 101.21, 11.04, 3.68, 35.40, 0.00, 577.81),
(156, 170, '2025-11-01', '2025-11-30', 403.52, 28.20, 103.39, 11.28, 3.76, 40.12, 0.00, 590.26),
(157, 170, '2025-12-01', '2025-12-31', 389.36, 24.75, 90.74, 9.90, 3.30, 0.00, 0.00, 518.04),
(158, 12, '2025-01-01', '2025-01-31', 901.52, 57.30, 210.10, 22.92, 7.64, 0.00, 0.00, 1199.48),
(159, 12, '2025-02-01', '2025-02-28', 713.90, 47.63, 174.63, 19.05, 6.35, 35.40, 0.00, 996.95),
(160, 12, '2025-03-01', '2025-03-31', 852.35, 54.18, 198.64, 21.67, 7.22, 0.00, 0.00, 1134.06),
(161, 12, '2025-04-01', '2025-04-30', 907.58, 59.49, 218.11, 23.79, 7.93, 28.32, 0.00, 1245.22),
(162, 12, '2025-05-01', '2025-05-31', 854.32, 54.30, 199.10, 21.72, 7.24, 0.00, 0.00, 1136.68),
(163, 12, '2025-06-01', '2025-06-30', 845.67, 53.75, 197.08, 21.50, 7.17, 0.00, 0.00, 1125.17),
(164, 12, '2025-07-01', '2025-07-31', 818.92, 52.05, 190.85, 20.82, 6.94, 0.00, 0.00, 1089.58),
(165, 12, '2025-08-01', '2025-08-31', 757.17, 48.12, 176.46, 19.25, 6.42, 0.00, 0.00, 1007.42),
(166, 12, '2025-09-01', '2025-09-30', 881.85, 59.05, 216.52, 23.62, 7.87, 47.20, 0.00, 1236.11),
(167, 12, '2025-10-01', '2025-10-31', 854.71, 54.33, 199.19, 21.73, 7.24, 0.00, 0.00, 1137.20),
(168, 12, '2025-11-01', '2025-11-30', 890.98, 58.88, 215.89, 23.55, 7.85, 35.40, 0.00, 1232.55),
(169, 12, '2025-12-01', '2025-12-31', 858.65, 54.57, 200.11, 21.83, 7.28, 0.00, 0.00, 1142.44);

-- --------------------------------------------------------

--
-- Estructura de tabla para la tabla `departamentos`
--

CREATE TABLE `departamentos` (
  `id_departamento` int(11) NOT NULL,
  `nombre_departamento` varchar(255) NOT NULL,
  `jefe_departamento` varchar(255) NOT NULL,
  `num_empleados` int(11) DEFAULT NULL,
  `coste_total_departamento` double DEFAULT NULL
) ENGINE=InnoDB DEFAULT CHARSET=utf8mb4 COLLATE=utf8mb4_general_ci;

--
-- Volcado de datos para la tabla `departamentos`
--

INSERT INTO `departamentos` (`id_departamento`, `nombre_departamento`, `jefe_departamento`, `num_empleados`, `coste_total_departamento`) VALUES
(1, 'Informática', 'Daniel García', NULL, 0),
(2, 'Finanzas', 'Alberto Dominguez', NULL, 0),
(3, 'Operaciones', 'Javier Torres', NULL, 0),
(4, 'Marketing', 'Ana Perez', NULL, 0),
(5, 'Investigación y Desarrollo', 'Fernando Díaz', NULL, 0),
(8, 'Recursos Humanos', 'Marta Fernández ', NULL, NULL);

-- --------------------------------------------------------

--
-- Estructura de tabla para la tabla `empleados`
--

CREATE TABLE `empleados` (
  `id_empleado` int(11) NOT NULL,
  `id_departamento` int(11) NOT NULL,
  `nombre` varchar(100) NOT NULL,
  `apellidos` varchar(150) NOT NULL,
  `dni` varchar(15) NOT NULL,
  `num_seguridad_social` varchar(12) NOT NULL,
  `email` varchar(150) NOT NULL,
  `telefono` varchar(20) DEFAULT NULL,
  `antiguedad_empresa` date NOT NULL,
  `fecha_nacimiento` date NOT NULL,
  `categoria_profesional` enum('Ingenieros y Licenciados. Personal de alta dirección','Ingenieros Técnicos, Peritos y Ayudantes Titulados','Jefes Administrativos y de Taller','Ayudantes no titulados','Oficiales Administrativos','Subalternos','Auxiliares administrativos','Oficiales de primera y segunda','Oficiales de tercera y especialistas','Peones','Trabajadores menores de dieciocho años') NOT NULL,
  `minusvalia` enum('Sin discapacidad','Entre el 33% y el 65%','Igual o superior al 65%') NOT NULL,
  `num_hijos` int(11) DEFAULT 0,
  `estado_civil` enum('soltero','casado','divorciado','viudo','pareja_hecho') NOT NULL,
  `salario_base` decimal(10,2) NOT NULL
) ENGINE=InnoDB DEFAULT CHARSET=utf8mb4 COLLATE=utf8mb4_general_ci;

--
-- Volcado de datos para la tabla `empleados`
--

INSERT INTO `empleados` (`id_empleado`, `id_departamento`, `nombre`, `apellidos`, `dni`, `num_seguridad_social`, `email`, `telefono`, `antiguedad_empresa`, `fecha_nacimiento`, `categoria_profesional`, `minusvalia`, `num_hijos`, `estado_civil`, `salario_base`) VALUES
(1, 1, 'Daniel', 'García Maroto', '12345678A', '986957489050', 'daniel.garcia@nike.com', '600123456', '2015-03-12', '1985-07-20', 'Ingenieros y Licenciados. Personal de alta dirección', 'Sin discapacidad', 1, 'casado', 4200.00),
(2, 1, 'Laura', 'Martínez Hernández', '23456789B', '772668657351', 'laura.martinez@nike.com', '600234567', '2018-06-01', '1990-11-05', 'Ingenieros Técnicos, Peritos y Ayudantes Titulados', 'Sin discapacidad', 0, 'soltero', 2900.00),
(3, 1, 'Carlos', 'Ruiz Lopez', '34567890C', '788037947291', 'carlos.ruiz@nike.com', '600345678', '2020-01-10', '1992-03-18', 'Ingenieros Técnicos, Peritos y Ayudantes Titulados', 'Sin discapacidad', 2, 'casado', 2700.00),
(4, 1, 'Elena', 'López García', '45678901D', '329940536937', 'elena.lopez@nike.com', '600456789', '2022-09-05', '1996-08-25', 'Ingenieros Técnicos, Peritos y Ayudantes Titulados', 'Sin discapacidad', 0, 'pareja_hecho', 2500.00),
(5, 1, 'Roberto', 'Ruiz Alonso', '34533890C', '105867910923', 'roberto.ruiz@nike.com', '674653278', '2020-03-10', '1990-08-08', 'Ingenieros Técnicos, Peritos y Ayudantes Titulados', 'Sin discapacidad', 0, 'soltero', 3554.00),
(6, 1, 'Diego', 'Garcia Bonacasa', '34522890P', '621429731164', 'diego.garcia@nike.com', '609890678', '2022-07-19', '1997-11-25', 'Ingenieros Técnicos, Peritos y Ayudantes Titulados', 'Sin discapacidad', 1, 'casado', 1754.00),
(7, 1, 'Alejandro', 'Teso Ortiz', '30908890H', '647512331188', 'alejandro.teso@nike.com', '614325678', '2019-09-05', '1987-12-12', 'Jefes Administrativos y de Taller', 'Sin discapacidad', 3, 'casado', 3680.00),
(8, 1, 'Javier', 'Martinez Gutierrez', '74777890S', '362250925653', 'javier.martinez@nike.com', '609845678', '2020-02-25', '1992-06-01', 'Ingenieros Técnicos, Peritos y Ayudantes Titulados', 'Sin discapacidad', 0, 'pareja_hecho', 3150.00),
(9, 1, 'Aaron', 'Martin Casado', '34992390F', '923658861194', 'aaron.martin@nike.com', '617845678', '2023-01-12', '1990-07-19', 'Ingenieros Técnicos, Peritos y Ayudantes Titulados', 'Igual o superior al 65%', 1, 'casado', 1760.00),
(10, 1, 'Lucia', 'Esteban Ruiz', '11247890G', '777145859035', 'lucia.esteban@nike.com', '666295678', '2024-05-05', '2000-02-05', 'Ingenieros Técnicos, Peritos y Ayudantes Titulados', 'Sin discapacidad', 0, 'soltero', 1880.00),
(11, 1, 'Alejandra', 'Hernandez Hidalgo', '66427890H', '640486062255', 'alejandra.hernandez@nike.com', '693345778', '2018-08-09', '1999-03-28', 'Ingenieros Técnicos, Peritos y Ayudantes Titulados', 'Sin discapacidad', 0, 'pareja_hecho', 3430.00),
(12, 1, 'Jorge', 'Rubio Martín', '34721890P', '562030392795', 'jorge.rubio@nike.com', '666389278', '2022-01-20', '1996-01-20', 'Ayudantes no titulados', 'Sin discapacidad', 0, 'casado', 2750.00),
(13, 2, 'Alberto', 'Domínguez González', '56789012E', '647214129204', 'alberto.dominguez@nike.com', '601123456', '2013-01-25', '1980-04-12', 'Ingenieros y Licenciados. Personal de alta dirección', 'Sin discapacidad', 3, 'casado', 4500.00),
(14, 2, 'Sonia', 'Reyes Lopez', '67890123F', '732533488076', 'sonia.reyes@nike.com', '601234567', '2017-07-10', '1988-12-10', 'Ingenieros Técnicos, Peritos y Ayudantes Titulados', 'Sin discapacidad', 1, 'divorciado', 3100.00),
(15, 2, 'Mario', 'Ortega Campos', '78901234G', '724072003905', 'mario.ortega@nike.com', '601345678', '2019-02-15', '1991-05-03', 'Oficiales de primera y segunda', 'Sin discapacidad', 0, 'soltero', 2950.00),
(16, 2, 'Carla', 'Roca Pérez', '55634234J', '769106834103', 'carla.roca@nike.com', '600845678', '2023-09-19', '1999-02-19', 'Oficiales de tercera y especialistas', 'Igual o superior al 65%', 0, 'soltero', 1650.00),
(17, 2, 'Lorena', 'Gutiérrez Domínguez', '88312234L', '946590650519', 'lorena.gutierrez@nike.com', '686345678', '2017-06-05', '1994-01-03', 'Oficiales de tercera y especialistas', 'Sin discapacidad', 1, '', 2950.00),
(18, 2, 'Alberto', 'Calvo Rubio', '90345234S', '613779842874', 'alberto.calvo@nike.com', '696101678', '2020-12-22', '1987-01-23', 'Oficiales de primera y segunda', 'Sin discapacidad', 2, 'divorciado', 2100.00),
(19, 3, 'Javier', 'Torres López', '89012345H', '210635040055', 'javier.torres@nike.com', '602123456', '2012-11-20', '1978-01-30', 'Ingenieros y Licenciados. Personal de alta dirección', 'Sin discapacidad', 2, 'casado', 4700.00),
(20, 3, 'Beatriz', 'Muñoz Casado', '90123456I', '229186079910', 'beatriz.munoz@nike.com', '602234567', '2016-04-18', '1986-09-09', 'Ingenieros Técnicos, Peritos y Ayudantes Titulados', 'Sin discapacidad', 2, 'casado', 3200.00),
(21, 3, 'Pablo', 'Navarro Domínguez', '01234567J', '561964420680', 'pablo.navarro@nike.com', '602345678', '2018-08-01', '1990-07-15', 'Oficiales de primera y segunda', 'Sin discapacidad', 1, 'pareja_hecho', 3100.00),
(22, 3, 'Clara', 'Jiménez Perez', '71691267F', '789470156815', 'clara.jimenez@nike.com', '602456789', '2021-01-12', '1993-06-21', 'Oficiales de tercera y especialistas', 'Sin discapacidad', 0, 'soltero', 2800.00),
(23, 3, 'Alicia', 'García Sánchez', '81239874S', '898720557757', 'alicia.garcia@nike.com', '656586789', '2018-01-23', '1996-07-01', 'Ingenieros y Licenciados. Personal de alta dirección', 'Sin discapacidad', 0, 'soltero', 3100.00),
(24, 3, 'Carmen', 'Gómez Cardona', '21231236S', '813310550957', 'carmen.lopez@nike.com', '609633289', '2023-05-07', '1989-01-27', 'Auxiliares administrativos', 'Sin discapacidad', 0, 'pareja_hecho', 1560.00),
(25, 3, 'Roberto', 'Rodríguez Perez', '61239873P', '796355926124', 'roberto.rodriguez@nike.com', '663426789', '2024-07-27', '1982-09-09', 'Subalternos', 'Sin discapacidad', 1, 'casado', 1700.00),
(26, 3, 'Andrés', 'Pérez Campos', '71233235G', '412520107652', 'andres.perez@nike.com', '602621889', '2016-03-02', '1999-09-02', 'Oficiales Administrativos', 'Sin discapacidad', 0, 'soltero', 3890.00),
(27, 3, 'Alejandro', 'Fidalgo Casado', '31237471K', '252623250676', 'alejandro.fidalgo@nike.com', '619206789', '2021-09-14', '2000-03-06', 'Jefes Administrativos y de Taller', 'Sin discapacidad', 0, 'soltero', 2340.00),
(28, 3, 'Jorge', 'Ortiz Ramirez', '41239134V', '235088860945', 'jorge.ortiz@nike.com', '602400969', '2019-06-09', '1995-03-17', 'Subalternos', 'Entre el 33% y el 65%', 0, 'soltero', 2800.00),
(29, 3, 'Borja', 'Morales Garrido', '61234232L', '376331746392', 'borja.morales@nike.com', '611156789', '2022-08-01', '1987-08-06', 'Oficiales de tercera y especialistas', 'Sin discapacidad', 1, 'divorciado', 1800.00),
(30, 3, 'Gonzalo', 'Díaz Muñoz', '97639167J', '485908001149', 'gonzalo.diaz@nike.com', '696746789', '2020-04-19', '1980-12-25', 'Oficiales de tercera y especialistas', 'Sin discapacidad', 2, 'casado', 2250.00),
(31, 3, 'Marta', 'Díaz López', '01234658N', '329780777765', 'marta.diaz@nike.com', '696426789', '2022-11-04', '1973-09-29', 'Oficiales de tercera y especialistas', 'Sin discapacidad', 2, 'divorciado', 1860.00),
(32, 4, 'Ana', 'Perez Ortiz', '12234567L', '113085128825', 'ana.perez@nike.com', '603123456', '2014-02-03', '1983-03-22', 'Ingenieros y Licenciados. Personal de alta dirección', 'Sin discapacidad', 2, 'casado', 4300.00),
(33, 4, 'Lucía', 'Santos Sánchez', '13234567M', '141330801248', 'lucia.santos@nike.com', '603234567', '2019-09-09', '1992-10-11', 'Jefes Administrativos y de Taller', 'Sin discapacidad', 0, 'soltero', 3000.00),
(34, 4, 'Hugo', 'Moreno Ortega', '14234567N', '936043727099', 'hugo.moreno@nike.com', '603345678', '2020-06-17', '1994-02-27', 'Ingenieros Técnicos, Peritos y Ayudantes Titulados', 'Sin discapacidad', 1, 'pareja_hecho', 2850.00),
(35, 4, 'Carlos', 'García Rubio', '15234567O', '423275621013', 'carlos.garcia@nike.com', '603456789', '2018-03-15', '1985-05-30', 'Ingenieros Técnicos, Peritos y Ayudantes Titulados', 'Sin discapacidad', 1, 'casado', 3200.00),
(36, 4, 'María', 'López Calvo', '16234567P', '264167437909', 'maria.lopez@nike.com', '603567890', '2017-11-20', '1990-07-14', 'Oficiales de tercera y especialistas', 'Sin discapacidad', 0, 'soltero', 3100.00),
(37, 4, 'Javier', 'Martínez Campos', '17234567Q', '412365164306', 'javier.martinez@nike.com', '603678901', '2021-01-10', '1988-12-05', 'Oficiales de tercera y especialistas', 'Sin discapacidad', 0, 'soltero', 2800.00),
(38, 4, 'Elena', 'Fernández López', '18234567R', '509213771401', 'elena.fernandez@nike.com', '603789012', '2016-05-25', '1982-09-18', 'Ingenieros Técnicos, Peritos y Ayudantes Titulados', 'Sin discapacidad', 2, 'casado', 3500.00),
(39, 4, 'Sergio', 'Ramírez Martín', '19234567S', '529087020305', 'sergio.ramirez@nike.com', '603890123', '2015-08-30', '1991-03-12', 'Ingenieros Técnicos, Peritos y Ayudantes Titulados', 'Sin discapacidad', 1, 'pareja_hecho', 3000.00),
(100, 5, 'Fernando', 'Díaz Pérez', '15239667L', '413448175534', 'fernando.diaz@nike.com', '604123456', '2011-12-01', '1975-06-04', 'Ingenieros y Licenciados. Personal de alta dirección', 'Sin discapacidad', 3, 'casado', 4900.00),
(101, 5, 'Marta', 'Suárez Fernández', '01204567P', '771226744703', 'marta.suarez@nike .com', '604234567', '2017-03-22', '1987-04-18', 'Oficiales de tercera y especialistas', 'Igual o superior al 65%', 1, 'casado', 3100.00),
(102, 5, 'Luis', 'Gil Morales', '17777167H', '897731948216', 'luis.gil@nike.com', '604345678', '2022-07-13', '1995-11-30', 'Subalternos', 'Sin discapacidad', 0, 'soltero', 2750.00),
(103, 5, 'Clara', 'Morales Pérez', '18298527R', '361815217082', 'clara.morales@nike.com', '604456789', '2019-05-10', '1990-08-25', 'Ingenieros Técnicos, Peritos y Ayudantes Titulados', 'Sin discapacidad', 0, 'soltero', 2900.00),
(104, 5, 'Jorge', 'Cruz Torres', '11326797S', '325757043331', 'jorge.cruz@nike.com', '604567890', '2018-11-15', '1983-01-12', 'Ingenieros Técnicos, Peritos y Ayudantes Titulados', 'Sin discapacidad', 2, 'casado', 3300.00),
(105, 5, 'Patricia', 'Hernández López', '20234567T', '850555373787', 'patricia.hernandez@nike.com', '604678901', '2016-04-20', '1988-02-14', 'Auxiliares administrativos', 'Sin discapacidad', 1, 'casado', 3200.00),
(106, 5, 'Raúl', 'Jiménez Sánchez', '21234567U', '188483290192', 'raul.jimenez@nike.com', '604789012', '2020-09-05', '1992-11-22', 'Oficiales de primera y segunda', 'Sin discapacidad', 0, 'soltero', 2700.00),
(107, 5, 'Verónica', 'Pérez Ruiz', '22234567V', '656850641670', 'veronica.perez@nike.com', '604890123', '2015-06-30', '1985-03-10', 'Ingenieros Técnicos, Peritos y Ayudantes Titulados', 'Entre el 33% y el 65%', 2, 'casado', 3400.00),
(108, 5, 'Andrés', 'Torres Castro', '23234567W', '296003805571', 'andres.torres@nike.com', '604901234', '2018-01-15', '1990-12-01', 'Ingenieros Técnicos, Peritos y Ayudantes Titulados', 'Entre el 33% y el 65%', 0, 'soltero', 3000.00),
(109, 5, 'Sofía', 'Ríos Martínez', '24234567X', '188816875750', 'sofia.rios@nike.com', '604012345', '2017-08-12', '1994-05-18', 'Ingenieros Técnicos, Peritos y Ayudantes Titulados', 'Sin discapacidad', 1, 'pareja_hecho', 3100.00),
(170, 1, 'Alberto', 'Campos Ortiz', '99999999R', '451282192908', 'alberto.campos@nike.com', '978765432', '2025-04-08', '1990-07-09', 'Oficiales de tercera y especialistas', 'Sin discapacidad', 0, 'soltero', 1345.56),
(231, 8, 'Marta', 'Fernandez López', '16368567R', '721660997254', 'marta.fernandez@nike.com', '605123456', '2016-05-15', '1984-08-08', 'Ingenieros Técnicos, Peritos y Ayudantes Titulados', 'Sin discapacidad', 2, 'casado', 4100.00),
(232, 8, 'Raúl', 'Vega Martínez', '19293627S', '920109100748', 'raul.vega@nike.com', '605234567', '2019-10-10', '1990-01-02', 'Auxiliares administrativos', 'Sin discapacidad', 1, 'divorciado', 2950.00),
(233, 8, 'Isabel', 'Ramos García', '97354567T', '156022994561', 'isabel.ramos@nike.com', '605345678', '2021-12-25', '1996-09-17', 'Auxiliares administrativos', 'Entre el 33% y el 65%', 0, 'soltero', 2700.00),
(234, 8, 'Fernando', 'Moreno Sánchez', '63278967U', '419474339554', 'fernando.moreno@nike.com', '605456789', '2018-03-30', '1985-11-12', 'Auxiliares administrativos', 'Sin discapacidad', 1, 'casado', 3200.00),
(235, 8, 'Lucía', 'Cruz Torres', '22287587V', '475755253630', 'lucia.cruz@nike.com', '605567890', '2020-07-05', '1993-04-20', 'Auxiliares administrativos', 'Sin discapacidad', 0, 'soltero', 2800.00),
(236, 8, 'Javier', 'Pérez Ruiz', '54896567W', '810944304580', 'javier.perez@nike.com', '605678901', '2017-11-15', '1989-02-28', 'Auxiliares administrativos', 'Sin discapacidad', 2, 'pareja_hecho', 3000.00);

-- --------------------------------------------------------

--
-- Estructura de tabla para la tabla `nominas`
--

CREATE TABLE `nominas` (
  `id_nomina` int(11) NOT NULL,
  `id_empleado` int(11) NOT NULL,
  `fecha_inicio` date NOT NULL,
  `fecha_fin` date NOT NULL,
  `salario_base` decimal(10,2) DEFAULT NULL,
  `incentivos` decimal(10,2) DEFAULT NULL,
  `plus_especial_dedicacion` decimal(10,2) DEFAULT NULL,
  `plus_antiguedad` decimal(10,2) DEFAULT NULL,
  `plus_actividad` decimal(10,2) DEFAULT NULL,
  `plus_nocturnidad` decimal(10,2) DEFAULT NULL,
  `plus_responsabilidad` decimal(10,2) DEFAULT NULL,
  `plus_convenio` decimal(10,2) DEFAULT NULL,
  `plus_idiomas` decimal(10,2) DEFAULT NULL,
  `horas_extra` decimal(10,2) DEFAULT NULL,
  `horas_complementarias` decimal(10,2) DEFAULT NULL,
  `salario_especie` decimal(10,2) DEFAULT NULL,
  `indemnizaciones` decimal(10,2) DEFAULT NULL,
  `indemnizaciones_ss` decimal(10,2) DEFAULT NULL,
  `indemnizaciones_despido` decimal(10,2) DEFAULT NULL,
  `plus_transporte` decimal(10,2) DEFAULT NULL,
  `dietas` decimal(10,2) DEFAULT NULL,
  `base_cc` decimal(10,2) DEFAULT NULL,
  `base_cp` decimal(10,2) DEFAULT NULL,
  `importe_cc` decimal(10,2) DEFAULT NULL,
  `importe_MEI` decimal(10,2) DEFAULT NULL,
  `importe_desempleo` decimal(10,2) DEFAULT NULL,
  `importe_fp` decimal(10,2) DEFAULT NULL,
  `importe_horas_extra` decimal(10,2) DEFAULT NULL,
  `importe_horas_extra_fuerza_mayor` decimal(10,2) DEFAULT NULL,
  `cotizacion_ss` decimal(10,2) DEFAULT NULL,
  `importe_irpf` decimal(10,2) DEFAULT NULL,
  `total_deducciones` decimal(10,2) DEFAULT NULL,
  `total_devengado` decimal(10,2) DEFAULT NULL,
  `salario_neto` decimal(10,2) DEFAULT NULL
) ENGINE=InnoDB DEFAULT CHARSET=utf8mb4 COLLATE=utf8mb4_general_ci;

--
-- Volcado de datos para la tabla `nominas`
--

INSERT INTO `nominas` (`id_nomina`, `id_empleado`, `fecha_inicio`, `fecha_fin`, `salario_base`, `incentivos`, `plus_especial_dedicacion`, `plus_antiguedad`, `plus_actividad`, `plus_nocturnidad`, `plus_responsabilidad`, `plus_convenio`, `plus_idiomas`, `horas_extra`, `horas_complementarias`, `salario_especie`, `indemnizaciones`, `indemnizaciones_ss`, `indemnizaciones_despido`, `plus_transporte`, `dietas`, `base_cc`, `base_cp`, `importe_cc`, `importe_MEI`, `importe_desempleo`, `importe_fp`, `importe_horas_extra`, `importe_horas_extra_fuerza_mayor`, `cotizacion_ss`, `importe_irpf`, `total_deducciones`, `total_devengado`, `salario_neto`) VALUES
(1, 1, '2025-01-01', '2025-01-31', 4200.00, 200.00, 100.00, 0.00, 0.00, 0.00, 0.00, 0.00, 0.00, 0.00, 0.00, 250.00, 0.00, 0.00, 0.00, 80.00, 0.00, 5313.33, 5313.33, 249.73, 6.91, 82.36, 5.31, 0.00, 0.00, 344.30, 709.90, 1054.20, 4830.00, 3775.80),
(2, 1, '2025-02-01', '2025-02-28', 3920.00, 93.33, 74.67, 0.00, 0.00, 0.00, 0.00, 0.00, 0.00, 50.00, 0.00, 250.00, 0.00, 0.00, 0.00, 69.69, 0.00, 4873.25, 4923.25, 229.04, 6.34, 76.31, 4.92, 2.35, 0.00, 318.96, 652.19, 971.15, 4457.69, 3486.54),
(3, 1, '2025-03-01', '2025-03-31', 4200.00, 0.00, 50.00, 0.00, 25.00, 0.00, 0.00, 0.00, 0.00, 0.00, 0.00, 250.00, 0.00, 0.00, 0.00, 80.00, 520.00, 5055.00, 5055.00, 237.59, 6.57, 78.35, 5.05, 0.00, 0.00, 327.56, 675.02, 1002.59, 5125.00, 4122.41),
(4, 1, '2025-04-01', '2025-04-30', 4200.00, 200.00, 0.00, 0.00, 0.00, 0.00, 0.00, 0.00, 0.00, 100.00, 0.00, 250.00, 0.00, 0.00, 0.00, 80.00, 0.00, 5213.33, 5313.33, 245.03, 6.78, 82.36, 5.31, 4.70, 0.00, 344.17, 709.90, 1054.07, 4830.00, 3775.93),
(5, 1, '2025-05-01', '2025-05-31', 4200.00, 0.00, 0.00, 0.00, 75.00, 0.00, 0.00, 0.00, 0.00, 50.00, 0.00, 250.00, 0.00, 0.00, 0.00, 80.00, 0.00, 5055.00, 5105.00, 237.59, 6.57, 79.13, 5.11, 2.35, 0.00, 330.74, 682.77, 1013.51, 4655.00, 3641.49),
(6, 1, '2025-06-01', '2025-06-30', 4200.00, 50.00, 0.00, 0.00, 0.00, 0.00, 0.00, 0.00, 0.00, 100.00, 0.00, 250.00, 0.00, 0.00, 0.00, 80.00, 0.00, 5038.33, 5138.33, 236.80, 6.55, 79.64, 5.14, 4.70, 0.00, 332.83, 686.65, 1019.48, 4680.00, 3660.52),
(7, 1, '2025-07-01', '2025-07-31', 4200.00, 0.00, 0.00, 0.00, 0.00, 0.00, 0.00, 0.00, 0.00, 0.00, 0.00, 250.00, 0.00, 0.00, 0.00, 80.00, 0.00, 4980.00, 4980.00, 234.06, 6.47, 77.19, 4.98, 0.00, 0.00, 322.70, 663.40, 986.10, 4530.00, 3543.90),
(8, 1, '2025-08-01', '2025-08-31', 4200.00, 0.00, 0.00, 0.00, 0.00, 0.00, 0.00, 0.00, 0.00, 0.00, 0.00, 250.00, 0.00, 0.00, 0.00, 0.00, 0.00, 4900.00, 4900.00, 230.30, 6.37, 75.95, 4.90, 0.00, 0.00, 317.52, 651.00, 968.52, 4450.00, 3481.48),
(9, 1, '2025-09-01', '2025-09-30', 4200.00, 100.00, 0.00, 0.00, 75.00, 0.00, 0.00, 0.00, 0.00, 0.00, 0.00, 250.00, 0.00, 0.00, 0.00, 80.00, 120.00, 5171.67, 5171.67, 243.07, 6.72, 80.16, 5.17, 0.00, 0.00, 335.12, 690.52, 1025.65, 4825.00, 3799.35),
(10, 1, '2025-10-01', '2025-10-31', 4200.00, 75.00, 0.00, 0.00, 0.00, 0.00, 0.00, 0.00, 0.00, 0.00, 0.00, 250.00, 0.00, 0.00, 0.00, 80.00, 0.00, 5067.50, 5067.50, 238.17, 6.59, 78.55, 5.07, 0.00, 0.00, 328.37, 675.02, 1003.40, 4605.00, 3601.60),
(11, 1, '2025-11-01', '2025-11-30', 4200.00, 100.00, 0.00, 0.00, 0.00, 0.00, 0.00, 0.00, 0.00, 75.00, 0.00, 250.00, 0.00, 0.00, 0.00, 80.00, 0.00, 5096.67, 5171.67, 239.54, 6.63, 80.16, 5.17, 3.52, 0.00, 335.03, 690.52, 1025.55, 4705.00, 3679.45),
(12, 1, '2025-12-01', '2025-12-31', 4200.00, 0.00, 0.00, 0.00, 0.00, 0.00, 80.00, 0.00, 0.00, 0.00, 0.00, 250.00, 0.00, 0.00, 0.00, 80.00, 0.00, 5060.00, 5060.00, 237.82, 6.58, 78.43, 5.06, 0.00, 0.00, 327.89, 675.80, 1003.69, 4610.00, 3606.31),
(13, 2, '2025-01-01', '2025-01-31', 2900.00, 0.00, 0.00, 75.00, 0.00, 0.00, 0.00, 0.00, 0.00, 150.00, 0.00, 0.00, 0.00, 0.00, 0.00, 0.00, 175.00, 3458.33, 3608.33, 162.54, 4.50, 55.93, 3.61, 7.05, 0.00, 233.63, 578.13, 811.75, 3300.00, 2488.25),
(14, 2, '2025-02-01', '2025-02-28', 2706.67, 0.00, 46.67, 70.00, 0.00, 0.00, 0.00, 0.00, 0.00, 0.00, 0.00, 0.00, 0.00, 0.00, 0.00, 0.00, 0.00, 3306.67, 3306.67, 155.41, 4.30, 51.25, 3.31, 0.00, 0.00, 214.27, 522.32, 736.59, 2823.34, 2086.75),
(15, 2, '2025-03-01', '2025-03-31', 2900.00, 0.00, 0.00, 75.00, 0.00, 0.00, 50.00, 0.00, 0.00, 0.00, 0.00, 0.00, 0.00, 0.00, 300.00, 0.00, 0.00, 3508.33, 3508.33, 164.89, 4.56, 54.38, 3.51, 0.00, 0.00, 227.34, 615.13, 842.47, 3325.00, 2482.53),
(16, 2, '2025-04-01', '2025-04-30', 2900.00, 0.00, 0.00, 75.00, 0.00, 0.00, 80.00, 0.00, 0.00, 0.00, 0.00, 0.00, 0.00, 0.00, 0.00, 100.00, 0.00, 3638.33, 3638.33, 171.00, 4.73, 56.39, 3.64, 0.00, 0.00, 235.76, 583.67, 819.44, 3155.00, 2335.56),
(17, 2, '2025-05-01', '2025-05-31', 2900.00, 0.00, 0.00, 75.00, 0.00, 0.00, 0.00, 0.00, 0.00, 0.00, 0.00, 0.00, 0.00, 0.00, 0.00, 0.00, 0.00, 3458.33, 3458.33, 162.54, 4.50, 53.60, 3.46, 0.00, 0.00, 224.10, 550.38, 774.48, 2975.00, 2200.53),
(18, 2, '2025-06-01', '2025-06-30', 2900.00, 168.00, 0.00, 75.00, 0.00, 0.00, 0.00, 0.00, 69.00, 64.00, 0.00, 0.00, 0.00, 0.00, 0.00, 40.00, 0.00, 3763.33, 3827.33, 176.88, 4.89, 59.32, 3.83, 3.01, 0.00, 247.93, 613.46, 861.39, 3316.00, 2454.61),
(19, 2, '2025-07-01', '2025-07-31', 2900.00, 0.00, 0.00, 75.00, 0.00, 0.00, 0.00, 0.00, 0.00, 0.00, 0.00, 0.00, 0.00, 0.00, 0.00, 100.00, 0.00, 3558.33, 3558.33, 167.24, 4.63, 55.15, 3.56, 0.00, 0.00, 230.58, 568.88, 799.46, 3075.00, 2275.55),
(20, 2, '2025-08-01', '2025-08-31', 2900.00, 0.00, 0.00, 75.00, 0.00, 0.00, 0.00, 0.00, 0.00, 0.00, 0.00, 0.00, 0.00, 0.00, 0.00, 0.00, 0.00, 3458.33, 3458.33, 162.54, 4.50, 53.60, 3.46, 0.00, 0.00, 224.10, 550.38, 774.48, 2975.00, 2200.53),
(21, 2, '2025-09-01', '2025-09-30', 2900.00, 50.00, 0.00, 75.00, 0.00, 0.00, 34.00, 0.00, 0.00, 75.00, 0.00, 0.00, 0.00, 0.00, 0.00, 40.00, 0.00, 3590.67, 3665.67, 168.76, 4.67, 56.82, 3.67, 3.52, 0.00, 237.44, 587.19, 824.63, 3174.00, 2349.37),
(22, 2, '2025-10-01', '2025-10-31', 2900.00, 90.00, 0.00, 75.00, 0.00, 0.00, 0.00, 0.00, 0.00, 0.00, 0.00, 0.00, 0.00, 0.00, 0.00, 0.00, 0.00, 3563.33, 3563.33, 167.48, 4.63, 55.23, 3.56, 0.00, 0.00, 230.90, 567.02, 797.93, 3065.00, 2267.07),
(23, 2, '2025-11-01', '2025-11-30', 2900.00, 0.00, 0.00, 75.00, 0.00, 0.00, 0.00, 0.00, 0.00, 0.00, 0.00, 340.00, 0.00, 0.00, 0.00, 50.00, 0.00, 3508.33, 3508.33, 164.89, 4.56, 54.38, 3.51, 0.00, 0.00, 227.34, 559.63, 786.97, 3365.00, 2578.03),
(24, 2, '2025-12-01', '2025-12-31', 2900.00, 90.00, 0.00, 75.00, 0.00, 0.00, 0.00, 0.00, 0.00, 0.00, 0.00, 0.00, 0.00, 0.00, 0.00, 0.00, 143.00, 3563.33, 3563.33, 167.48, 4.63, 55.23, 3.56, 0.00, 0.00, 230.90, 567.02, 797.93, 3208.00, 2410.07),
(26, 3, '2025-01-01', '2025-01-31', 2700.00, 64.00, 0.00, 0.00, 0.00, 50.00, 0.00, 0.00, 0.00, 39.00, 0.00, 0.00, 0.00, 0.00, 0.00, 80.00, 0.00, 3354.67, 3393.67, 157.67, 4.36, 52.60, 3.39, 1.83, 0.00, 219.86, 425.28, 645.14, 2933.00, 2287.86),
(27, 3, '2025-02-01', '2025-02-28', 2520.00, 0.00, 0.00, 0.00, 74.67, 0.00, 0.00, 23.33, 0.00, 0.00, 0.00, 324.00, 0.00, 0.00, 0.00, 0.00, 0.00, 3068.00, 3068.00, 144.20, 3.99, 47.55, 3.07, 0.00, 0.00, 198.81, 379.61, 578.42, 2942.00, 2363.58),
(28, 3, '2025-03-01', '2025-03-31', 2700.00, 0.00, 0.00, 56.00, 0.00, 0.00, 71.00, 0.00, 0.00, 0.00, 0.00, 0.00, 0.00, 0.00, 0.00, 100.00, 543.00, 3377.00, 3377.00, 158.72, 4.39, 52.34, 3.38, 0.00, 0.00, 218.83, 424.41, 643.24, 3470.00, 2826.76),
(29, 3, '2025-04-01', '2025-04-30', 2700.00, 150.00, 0.00, 0.00, 0.00, 0.00, 31.00, 0.00, 0.00, 0.00, 0.00, 0.00, 0.00, 0.00, 0.00, 50.00, 0.00, 3406.00, 3406.00, 160.08, 4.43, 52.79, 3.41, 0.00, 0.00, 220.71, 424.99, 645.70, 2931.00, 2285.30),
(30, 3, '2025-05-01', '2025-05-31', 2700.00, 0.00, 0.00, 0.00, 0.00, 156.00, 0.00, 0.00, 0.00, 0.00, 0.00, 0.00, 0.00, 0.00, 0.00, 73.00, 0.00, 3379.00, 3379.00, 158.81, 4.39, 52.37, 3.38, 0.00, 0.00, 218.96, 424.70, 643.66, 2929.00, 2285.34),
(31, 3, '2025-06-01', '2025-06-30', 2700.00, 200.00, 0.00, 0.00, 0.00, 0.00, 69.00, 0.00, 0.00, 0.00, 0.00, 430.00, 0.00, 0.00, 0.00, 0.00, 189.00, 3452.33, 3452.33, 162.26, 4.49, 53.51, 3.45, 0.00, 0.00, 223.71, 430.50, 654.22, 3588.00, 2933.78),
(32, 3, '2025-07-01', '2025-07-31', 2700.00, 0.00, 0.00, 0.00, 0.00, 65.00, 0.00, 34.00, 0.00, 0.00, 0.00, 0.00, 0.00, 0.00, 0.00, 100.00, 0.00, 3349.00, 3349.00, 157.40, 4.35, 51.91, 3.35, 0.00, 0.00, 217.02, 420.35, 637.37, 2899.00, 2261.63),
(33, 3, '2025-08-01', '2025-08-31', 2700.00, 0.00, 0.00, 0.00, 0.00, 0.00, 0.00, 0.00, 0.00, 0.00, 0.00, 0.00, 0.00, 0.00, 0.00, 0.00, 0.00, 3150.00, 3150.00, 148.05, 4.09, 48.83, 3.15, 0.00, 0.00, 204.12, 391.50, 595.62, 2700.00, 2104.38),
(34, 3, '2025-09-01', '2025-09-30', 2700.00, 0.00, 76.00, 0.00, 120.00, 0.00, 0.00, 0.00, 0.00, 230.00, 0.00, 0.00, 300.00, 0.00, 0.00, 0.00, 0.00, 3346.00, 3576.00, 157.26, 4.35, 55.43, 3.58, 10.81, 0.00, 231.43, 496.77, 728.20, 3426.00, 2697.80),
(35, 3, '2025-10-01', '2025-10-31', 2700.00, 0.00, 0.00, 0.00, 0.00, 60.00, 0.00, 0.00, 100.00, 0.00, 0.00, 0.00, 0.00, 0.00, 0.00, 58.00, 0.00, 3368.00, 3368.00, 158.30, 4.38, 52.20, 3.37, 0.00, 0.00, 218.25, 423.11, 641.36, 2918.00, 2276.64),
(36, 3, '0000-00-00', '0000-00-00', 2700.00, 0.00, 0.00, 0.00, 0.00, 0.00, 0.00, 0.00, 0.00, 0.00, 0.00, 0.00, 0.00, 0.00, 0.00, 0.00, 0.00, 3150.00, 3150.00, 148.05, 4.09, 48.83, 3.15, 0.00, 0.00, 204.12, 391.50, 595.62, 2700.00, 2104.38),
(37, 3, '2025-11-01', '2025-12-31', 2700.00, 0.00, 0.00, 0.00, 0.00, 12.00, 0.00, 0.00, 84.00, 168.00, 0.00, 0.00, 0.00, 0.00, 0.00, 90.00, 0.00, 3336.00, 3504.00, 156.79, 4.34, 54.31, 3.50, 7.90, 0.00, 226.84, 442.83, 669.67, 3054.00, 2384.33),
(40, 3, '2025-11-01', '2025-11-30', 2700.00, 0.00, 0.00, 0.00, 124.00, 69.00, 0.00, 0.00, 0.00, 122.00, 0.00, 0.00, 0.00, 0.00, 0.00, 65.00, 0.00, 3408.00, 3530.00, 160.18, 4.43, 54.71, 3.53, 5.73, 0.00, 228.59, 446.60, 675.19, 3080.00, 2404.81),
(41, 3, '2025-12-01', '2025-12-31', 2700.00, 0.00, 0.00, 0.00, 0.00, 56.00, 0.00, 0.00, 0.00, 0.00, 0.00, 0.00, 0.00, 0.00, 0.00, 61.00, 0.00, 3267.00, 3267.00, 153.55, 4.25, 50.64, 3.27, 0.00, 0.00, 211.70, 408.46, 620.17, 2817.00, 2196.83),
(42, 4, '2025-01-01', '2025-01-31', 2500.00, 60.00, 0.00, 0.00, 25.00, 0.00, 0.00, 0.00, 0.00, 180.00, 0.00, 0.00, 0.00, 0.00, 0.00, 68.00, 0.00, 3079.67, 3259.67, 144.74, 4.00, 50.52, 3.26, 8.46, 0.00, 210.99, 396.62, 607.61, 2833.00, 2225.39),
(43, 4, '2025-02-01', '2025-02-28', 2333.33, 31.73, 0.00, 84.00, 0.00, 0.00, 0.00, 0.00, 0.00, 0.00, 0.00, 0.00, 0.00, 0.00, 0.00, 115.73, 580.00, 2986.75, 2986.75, 140.38, 3.88, 46.29, 2.99, 0.00, 0.00, 193.54, 359.07, 552.61, 3144.79, 2592.18),
(44, 4, '2025-03-01', '2025-03-31', 2500.00, 0.00, 65.00, 0.00, 34.00, 0.00, 0.00, 0.00, 0.00, 0.00, 0.00, 324.00, 0.00, 0.00, 0.00, 27.00, 0.00, 3042.67, 3042.67, 143.01, 3.96, 47.16, 3.04, 0.00, 0.00, 197.16, 367.64, 564.80, 2950.00, 2385.20),
(45, 4, '2025-04-01', '2025-04-30', 2500.00, 80.00, 0.00, 32.00, 0.00, 0.00, 0.00, 0.00, 0.00, 0.00, 0.00, 78.00, 0.00, 0.00, 0.00, 45.00, 0.00, 3087.00, 3087.00, 145.09, 4.01, 47.85, 3.09, 0.00, 0.00, 200.04, 371.98, 572.02, 2735.00, 2162.98),
(46, 4, '2025-05-01', '2025-05-31', 2500.00, 0.00, 0.00, 0.00, 50.00, 0.00, 120.00, 0.00, 0.00, 0.00, 0.00, 0.00, 0.00, 0.00, 0.00, 78.00, 431.00, 3164.67, 3164.67, 148.74, 4.11, 49.05, 3.16, 0.00, 0.00, 205.07, 384.72, 589.79, 3179.00, 2589.21),
(47, 4, '0000-00-00', '0000-00-00', 2500.00, 0.00, 0.00, 0.00, 0.00, 0.00, 0.00, 0.00, 0.00, 0.00, 0.00, 0.00, 0.00, 0.00, 0.00, 0.00, 0.00, 2916.67, 2916.67, 137.08, 3.79, 45.21, 2.92, 0.00, 0.00, 189.00, 350.00, 539.00, 2500.00, 1961.00),
(48, 4, '2025-06-01', '2025-06-30', 2500.00, 165.00, 0.00, 78.00, 0.00, 0.00, 0.00, 0.00, 0.00, 0.00, 0.00, 120.00, 0.00, 0.00, 0.00, 51.00, 0.00, 3238.17, 3238.17, 152.19, 4.21, 50.19, 3.24, 0.00, 0.00, 209.83, 391.16, 600.99, 2914.00, 2313.01),
(49, 4, '2025-07-01', '2025-07-31', 2500.00, 0.00, 0.00, 0.00, 0.00, 0.00, 0.00, 0.00, 90.00, 49.00, 0.00, 0.00, 0.00, 0.00, 0.00, 69.00, 0.00, 3075.67, 3124.67, 144.56, 4.00, 48.43, 3.12, 2.30, 0.00, 202.41, 379.12, 581.53, 2708.00, 2126.47),
(50, 4, '2025-08-01', '2025-08-31', 2500.00, 0.00, 0.00, 0.00, 0.00, 0.00, 0.00, 0.00, 0.00, 0.00, 0.00, 0.00, 0.00, 0.00, 0.00, 0.00, 0.00, 2916.67, 2916.67, 137.08, 3.79, 45.21, 2.92, 0.00, 0.00, 189.00, 350.00, 539.00, 2500.00, 1961.00),
(51, 4, '2025-09-01', '2025-09-30', 2500.00, 200.00, 0.00, 0.00, 0.00, 0.00, 41.00, 0.00, 0.00, 0.00, 0.00, 0.00, 0.00, 0.00, 431.00, 0.00, 0.00, 3191.00, 3191.00, 149.98, 4.15, 49.46, 3.19, 0.00, 0.00, 206.78, 444.08, 650.86, 3172.00, 2521.14),
(52, 4, '2025-10-01', '2025-10-31', 2500.00, 345.00, 0.00, 0.00, 0.00, 0.00, 12.00, 0.00, 0.00, 98.00, 0.00, 0.00, 0.00, 0.00, 0.00, 50.00, 0.00, 3381.17, 3479.17, 158.91, 4.40, 53.93, 3.48, 4.61, 0.00, 225.32, 420.70, 646.02, 3005.00, 2358.98),
(53, 4, '2025-11-01', '2025-11-30', 2500.00, 0.00, 0.00, 0.00, 0.00, 85.00, 0.00, 0.00, 0.00, 0.00, 0.00, 596.00, 0.00, 0.00, 0.00, 0.00, 327.00, 3001.67, 3001.67, 141.08, 3.90, 46.53, 3.00, 0.00, 0.00, 194.51, 361.90, 556.41, 3508.00, 2951.59),
(55, 4, '2025-12-01', '2025-12-31', 2500.00, 287.00, 0.00, 0.00, 0.00, 0.00, 0.00, 0.00, 0.00, 0.00, 0.00, 0.00, 0.00, 0.00, 0.00, 0.00, 0.00, 3251.50, 3251.50, 152.82, 4.23, 50.40, 3.25, 0.00, 0.00, 210.70, 390.18, 600.88, 2787.00, 2186.12),
(56, 5, '2025-01-01', '2025-01-31', 3554.00, 260.00, 0.00, 162.00, 0.00, 0.00, 0.00, 0.00, 0.00, 0.00, 0.00, 0.00, 0.00, 0.00, 0.00, 200.00, 0.00, 4811.67, 4811.67, 226.15, 6.26, 74.58, 4.81, 0.00, 0.00, 311.80, 772.56, 1084.36, 4176.00, 3091.64),
(57, 5, '2025-02-01', '2025-02-28', 3317.07, 186.67, 0.00, 151.20, 0.00, 0.00, 0.00, 0.00, 0.00, 0.00, 0.00, 0.00, 0.00, 0.00, 0.00, 0.00, 0.00, 4278.38, 4278.38, 201.08, 5.56, 66.31, 4.28, 0.00, 0.00, 277.24, 676.16, 953.40, 3654.94, 2701.54),
(58, 5, '2025-03-01', '2025-03-31', 3554.00, 140.00, 0.00, 162.00, 0.00, 0.00, 0.00, 0.00, 0.00, 58.00, 0.00, 0.00, 0.00, 0.00, 0.00, 39.00, 0.00, 4510.67, 4568.67, 212.00, 5.86, 70.81, 4.57, 2.73, 0.00, 295.97, 731.30, 1027.28, 3953.00, 2925.72),
(59, 5, '2025-04-01', '2025-04-30', 3554.00, 0.00, 0.00, 162.00, 0.00, 0.00, 0.00, 0.00, 0.00, 0.00, 0.00, 235.00, 0.00, 0.00, 0.00, 0.00, 487.00, 4308.33, 4308.33, 202.49, 5.60, 66.78, 4.31, 0.00, 0.00, 279.18, 687.46, 966.64, 4438.00, 3471.36),
(60, 5, '2025-05-01', '2025-05-31', 3554.00, 0.00, 89.00, 162.00, 0.00, 0.00, 0.00, 0.00, 0.00, 270.00, 0.00, 0.00, 0.00, 0.00, 0.00, 89.00, 0.00, 4486.33, 4756.33, 210.86, 5.83, 73.72, 4.76, 12.69, 0.00, 307.86, 770.34, 1078.20, 4164.00, 3085.80),
(61, 5, '2025-06-01', '2025-06-30', 3554.00, 52.00, 0.00, 162.00, 0.00, 0.00, 69.00, 0.00, 0.00, 0.00, 0.00, 0.00, 0.00, 0.00, 0.00, 21.00, 0.00, 4459.00, 4459.00, 209.57, 5.80, 69.11, 4.46, 0.00, 0.00, 288.94, 713.73, 1002.67, 3858.00, 2855.33),
(62, 5, '0000-00-00', '0000-00-00', 3554.00, 0.00, 0.00, 0.00, 0.00, 0.00, 0.00, 0.00, 0.00, 0.00, 0.00, 0.00, 0.00, 0.00, 0.00, 0.00, 0.00, 4146.33, 4146.33, 194.88, 5.39, 64.27, 4.15, 0.00, 0.00, 268.68, 657.49, 926.17, 3554.00, 2627.83),
(63, 5, '2025-07-01', '2025-07-31', 3554.00, 0.00, 56.00, 162.00, 0.00, 0.00, 0.00, 41.00, 0.00, 0.00, 0.00, 0.00, 0.00, 0.00, 0.00, 58.00, 234.00, 4463.33, 4463.33, 209.78, 5.80, 69.18, 4.46, 0.00, 0.00, 289.22, 716.13, 1005.36, 4105.00, 3099.64),
(64, 5, '2025-08-01', '2025-08-31', 3554.00, 0.00, 0.00, 162.00, 0.00, 0.00, 0.00, 0.00, 0.00, 0.00, 0.00, 0.00, 0.00, 0.00, 0.00, 0.00, 0.00, 4308.33, 4308.33, 202.49, 5.60, 66.78, 4.31, 0.00, 0.00, 279.18, 687.46, 966.64, 3716.00, 2749.36),
(65, 5, '2025-09-01', '2025-09-30', 3554.00, 58.00, 0.00, 162.00, 0.00, 0.00, 0.00, 0.00, 0.00, 59.00, 0.00, 0.00, 0.00, 0.00, 0.00, 80.00, 0.00, 4456.00, 4515.00, 209.43, 5.79, 69.98, 4.51, 2.77, 0.00, 292.50, 723.90, 1016.40, 3913.00, 2896.60),
(66, 5, '2025-10-01', '2025-10-31', 3554.00, 128.00, 29.00, 162.00, 0.00, 0.00, 0.00, 0.00, 0.00, 230.00, 0.00, 140.00, 0.00, 0.00, 0.00, 0.00, 632.00, 4486.67, 4716.67, 210.87, 5.83, 73.11, 4.72, 10.81, 0.00, 305.34, 759.05, 1064.40, 4875.00, 3810.60),
(67, 5, '2025-11-01', '2025-11-30', 3554.00, 129.00, 0.00, 162.00, 0.00, 58.00, 0.00, 0.00, 0.00, 0.00, 0.00, 0.00, 0.00, 0.00, 0.00, 187.00, 189.00, 4703.83, 4703.83, 221.08, 6.11, 72.91, 4.70, 0.00, 0.00, 304.81, 756.65, 1061.46, 4279.00, 3217.54),
(68, 5, '2025-12-01', '2025-12-31', 3554.00, 70.00, 0.00, 162.00, 0.00, 0.00, 0.00, 0.00, 0.00, 0.00, 0.00, 0.00, 0.00, 0.00, 0.00, 0.00, 0.00, 4390.00, 4390.00, 206.33, 5.71, 68.05, 4.39, 0.00, 0.00, 284.47, 700.41, 984.88, 3786.00, 2801.12),
(69, 6, '2025-01-01', '2025-01-31', 1754.00, 158.00, 0.00, 0.00, 38.00, 0.00, 0.00, 0.00, 0.00, 0.00, 0.00, 58.00, 0.00, 0.00, 0.00, 169.00, 0.00, 2437.67, 2437.67, 114.57, 3.17, 37.78, 2.44, 0.00, 0.00, 157.96, 254.28, 412.24, 2177.00, 1764.76),
(70, 6, '2025-02-01', '2025-02-28', 1637.07, 44.80, 0.00, 0.00, 0.00, 54.13, 0.00, 0.00, 0.00, 0.00, 0.00, 0.00, 0.00, 0.00, 0.00, 64.40, 0.00, 2100.20, 2100.20, 98.71, 2.73, 32.55, 2.10, 0.00, 0.00, 136.09, 216.05, 352.14, 1800.40, 1448.26),
(71, 6, '2025-03-01', '2025-03-31', 1754.00, 0.00, 0.00, 0.00, 0.00, 0.00, 0.00, 68.00, 0.00, 178.00, 0.00, 0.00, 0.00, 0.00, 0.00, 28.00, 0.00, 2142.33, 2320.33, 100.69, 2.79, 35.97, 2.32, 8.37, 0.00, 150.13, 243.36, 393.49, 2028.00, 1634.51),
(72, 6, '0000-00-00', '0000-00-00', 1754.00, 0.00, 0.00, 0.00, 0.00, 0.00, 0.00, 0.00, 0.00, 0.00, 0.00, 0.00, 0.00, 0.00, 0.00, 0.00, 0.00, 2046.33, 2046.33, 96.18, 2.66, 31.72, 2.05, 0.00, 0.00, 132.60, 210.48, 343.08, 1754.00, 1410.92),
(73, 6, '2025-04-01', '2025-04-30', 1754.00, 245.00, 0.00, 0.00, 0.00, 0.00, 39.00, 0.00, 0.00, 0.00, 0.00, 0.00, 0.00, 0.00, 0.00, 89.00, 157.00, 2460.17, 2460.17, 115.63, 3.20, 38.13, 2.46, 0.00, 0.00, 159.42, 255.24, 414.66, 2284.00, 1869.34),
(74, 6, '2025-05-01', '2025-05-31', 1754.00, 47.00, 89.00, 0.00, 0.00, 0.00, 158.00, 0.00, 0.00, 67.00, 0.00, 0.00, 0.00, 0.00, 0.00, 59.00, 0.00, 2407.17, 2474.17, 113.14, 3.13, 38.35, 2.47, 3.15, 0.00, 160.24, 260.88, 421.12, 2174.00, 1752.88),
(75, 6, '2025-06-01', '2025-06-30', 1754.00, 89.00, 0.00, 0.00, 0.00, 0.00, 0.00, 0.00, 0.00, 0.00, 0.00, 157.00, 0.00, 0.00, 0.00, 0.00, 0.00, 2150.17, 2150.17, 101.06, 2.80, 33.33, 2.15, 0.00, 0.00, 139.33, 221.16, 360.49, 2000.00, 1639.51),
(76, 6, '2025-07-01', '2025-07-31', 1754.00, 0.00, 0.00, 0.00, 128.00, 0.00, 0.00, 257.00, 0.00, 0.00, 0.00, 0.00, 0.00, 0.00, 0.00, 0.00, 0.00, 2431.33, 2431.33, 114.27, 3.16, 37.69, 2.43, 0.00, 0.00, 157.55, 256.68, 414.23, 2139.00, 1724.77),
(77, 6, '2025-08-01', '2025-08-31', 1754.00, 0.00, 0.00, 0.00, 0.00, 0.00, 0.00, 0.00, 0.00, 0.00, 0.00, 0.00, 0.00, 0.00, 0.00, 0.00, 0.00, 2046.33, 2046.33, 96.18, 2.66, 31.72, 2.05, 0.00, 0.00, 132.60, 210.48, 343.08, 1754.00, 1410.92),
(78, 6, '2025-09-01', '2025-09-30', 1754.00, 84.00, 0.00, 54.00, 0.00, 0.00, 0.00, 0.00, 0.00, 123.00, 0.00, 0.00, 0.00, 0.00, 0.00, 87.00, 0.00, 2285.33, 2408.33, 107.41, 2.97, 37.33, 2.41, 5.78, 0.00, 155.90, 252.24, 408.14, 2102.00, 1693.86),
(79, 6, '2025-10-01', '2025-10-31', 1754.00, 237.00, 45.00, 0.00, 0.00, 0.00, 0.00, 0.00, 0.00, 0.00, 0.00, 0.00, 0.00, 0.00, 0.00, 0.00, 0.00, 2367.83, 2367.83, 111.29, 3.08, 36.70, 2.37, 0.00, 0.00, 153.44, 244.32, 397.76, 2036.00, 1638.24),
(80, 6, '2025-11-01', '2025-11-30', 1754.00, 178.00, 0.00, 48.00, 0.00, 0.00, 39.00, 0.00, 0.00, 0.00, 0.00, 0.00, 0.00, 0.00, 140.00, 0.00, 0.00, 2341.00, 2341.00, 110.03, 3.04, 36.29, 2.34, 0.00, 0.00, 151.70, 259.08, 410.78, 2159.00, 1748.22),
(81, 6, '2025-12-01', '2025-12-31', 1754.00, 59.00, 0.00, 0.00, 0.00, 0.00, 0.00, 0.00, 0.00, 0.00, 0.00, 0.00, 0.00, 0.00, 0.00, 0.00, 0.00, 2115.17, 2115.17, 99.41, 2.75, 32.79, 2.12, 0.00, 0.00, 137.06, 217.56, 354.62, 1813.00, 1458.38),
(82, 7, '2025-01-01', '2025-01-31', 3680.00, 150.00, 0.00, 258.00, 230.00, 0.00, 0.00, 0.00, 0.00, 0.00, 0.00, 0.00, 0.00, 0.00, 0.00, 258.00, 0.00, 5214.33, 5214.33, 245.07, 6.78, 80.82, 5.21, 0.00, 0.00, 337.89, 663.52, 1001.41, 4576.00, 3574.59),
(83, 7, '2025-02-01', '2025-02-28', 3434.67, 93.33, 0.00, 240.80, 0.00, 0.00, 58.80, 0.00, 0.00, 0.00, 0.00, 0.00, 0.00, 0.00, 0.00, 112.00, 0.00, 4568.49, 4568.49, 214.72, 5.94, 70.81, 4.57, 0.00, 0.00, 296.04, 571.24, 867.28, 3939.60, 3072.32),
(84, 7, '2025-03-01', '2025-03-31', 3680.00, 197.00, 0.00, 258.00, 0.00, 0.00, 0.00, 36.00, 0.00, 0.00, 0.00, 0.00, 0.00, 0.00, 0.00, 169.00, 657.00, 4986.17, 4986.17, 234.35, 6.48, 77.29, 4.99, 0.00, 0.00, 323.10, 629.30, 952.40, 4997.00, 4044.60),
(85, 7, '2025-04-01', '2025-04-30', 3680.00, 0.00, 0.00, 258.00, 61.00, 0.00, 0.00, 0.00, 0.00, 287.00, 0.00, 0.00, 0.00, 0.00, 0.00, 127.00, 100.00, 4739.33, 5026.33, 222.75, 6.16, 77.91, 5.03, 13.49, 0.00, 325.33, 639.88, 965.22, 4513.00, 3547.78),
(86, 7, '2025-05-01', '2025-05-31', 3680.00, 147.00, 0.00, 258.00, 0.00, 0.00, 0.00, 0.00, 0.00, 0.00, 0.00, 0.00, 0.00, 0.00, 0.00, 67.00, 0.00, 4789.83, 4789.83, 225.12, 6.23, 74.24, 4.79, 0.00, 0.00, 310.38, 602.04, 912.42, 4152.00, 3239.58),
(87, 7, '0000-00-00', '0000-00-00', 3680.00, 0.00, 0.00, 0.00, 0.00, 0.00, 0.00, 0.00, 0.00, 0.00, 0.00, 0.00, 0.00, 0.00, 0.00, 0.00, 0.00, 4293.33, 4293.33, 201.79, 5.58, 66.55, 4.29, 0.00, 0.00, 278.21, 533.60, 811.81, 3680.00, 2868.19),
(88, 7, '2025-06-01', '2025-06-30', 3680.00, 238.00, 147.00, 258.00, 0.00, 0.00, 0.00, 0.00, 0.00, 0.00, 0.00, 0.00, 0.00, 0.00, 0.00, 321.00, 0.00, 5297.00, 5297.00, 248.96, 6.89, 82.10, 5.30, 0.00, 0.00, 343.25, 673.38, 1016.63, 4644.00, 3627.37),
(89, 7, '2025-07-01', '2025-07-31', 3680.00, 200.00, 0.00, 258.00, 0.00, 0.00, 0.00, 0.00, 0.00, 0.00, 0.00, 0.00, 0.00, 0.00, 0.00, 0.00, 0.00, 4784.67, 4784.67, 224.88, 6.22, 74.16, 4.78, 0.00, 0.00, 310.05, 600.01, 910.06, 4138.00, 3227.94),
(90, 7, '2025-08-01', '2025-08-31', 3680.00, 0.00, 0.00, 258.00, 0.00, 0.00, 0.00, 0.00, 0.00, 0.00, 0.00, 0.00, 0.00, 0.00, 0.00, 0.00, 0.00, 4551.33, 4551.33, 213.91, 5.92, 70.55, 4.55, 0.00, 0.00, 294.93, 571.01, 865.94, 3938.00, 3072.06),
(91, 7, '2025-09-01', '2025-09-30', 3680.00, 169.00, 0.00, 258.00, 0.00, 0.00, 0.00, 0.00, 0.00, 230.00, 0.00, 287.00, 0.00, 0.00, 0.00, 127.00, 0.00, 4875.50, 5105.50, 229.15, 6.34, 79.14, 5.11, 10.81, 0.00, 330.54, 647.28, 977.82, 4751.00, 3773.18),
(92, 7, '2025-10-01', '2025-10-31', 3680.00, 287.00, 0.00, 258.00, 0.00, 0.00, 0.00, 0.00, 0.00, 0.00, 0.00, 369.00, 0.00, 0.00, 0.00, 288.00, 0.00, 5174.17, 5174.17, 243.19, 6.73, 80.20, 5.17, 0.00, 0.00, 335.29, 654.38, 989.67, 4882.00, 3892.33),
(93, 7, '2025-11-01', '2025-11-30', 3680.00, 120.00, 69.00, 258.00, 0.00, 0.00, 0.00, 0.00, 0.00, 0.00, 0.00, 0.00, 0.00, 0.00, 0.00, 78.00, 120.00, 4838.33, 4838.33, 227.40, 6.29, 74.99, 4.84, 0.00, 0.00, 313.52, 609.72, 923.25, 4325.00, 3401.75),
(94, 7, '2025-12-01', '2025-12-31', 3680.00, 129.00, 0.00, 258.00, 0.00, 0.00, 0.00, 0.00, 0.00, 0.00, 0.00, 0.00, 0.00, 0.00, 0.00, 0.00, 0.00, 4701.83, 4701.83, 220.99, 6.11, 72.88, 4.70, 0.00, 0.00, 304.68, 589.71, 894.39, 4067.00, 3172.61),
(95, 8, '2025-01-01', '2025-01-31', 3150.00, 0.00, 69.00, 200.00, 0.00, 0.00, 0.00, 0.00, 0.00, 0.00, 0.00, 278.00, 0.00, 0.00, 0.00, 120.00, 0.00, 4064.00, 4064.00, 191.01, 5.28, 62.99, 4.06, 0.00, 0.00, 263.35, 619.32, 882.67, 3817.00, 2934.33),
(96, 8, '2025-02-01', '2025-02-28', 2940.00, 299.60, 0.00, 186.67, 0.00, 0.00, 0.00, 0.00, 0.00, 0.00, 0.00, 0.00, 0.00, 0.00, 0.00, 0.00, 0.00, 4001.20, 4001.20, 188.06, 5.20, 62.02, 4.00, 0.00, 0.00, 259.28, 599.60, 858.88, 3426.27, 2567.39),
(97, 8, '2025-03-01', '2025-03-31', 3150.00, 0.00, 0.00, 200.00, 0.00, 0.00, 98.00, 0.00, 0.00, 0.00, 0.00, 0.00, 0.00, 0.00, 0.00, 120.00, 398.00, 4093.00, 4093.00, 192.37, 5.32, 63.44, 4.09, 0.00, 0.00, 265.23, 624.40, 889.63, 3966.00, 3076.37),
(98, 8, '2025-04-01', '2025-04-30', 3150.00, 157.00, 0.00, 200.00, 320.00, 0.00, 0.00, 0.00, 0.00, 0.00, 0.00, 0.00, 0.00, 0.00, 0.00, 120.00, 0.00, 4498.17, 4498.17, 211.41, 5.85, 69.72, 4.50, 0.00, 0.00, 291.48, 690.72, 982.21, 3947.00, 2964.79),
(99, 8, '2025-05-01', '2025-05-31', 3150.00, 120.00, 0.00, 200.00, 0.00, 0.00, 0.00, 0.00, 0.00, 0.00, 0.00, 0.00, 0.00, 0.00, 0.00, 100.00, 0.00, 4115.00, 4115.00, 193.41, 5.35, 63.78, 4.12, 0.00, 0.00, 266.65, 624.75, 891.40, 3570.00, 2678.60),
(100, 8, '2025-06-01', '2025-06-30', 3150.00, 100.00, 0.00, 200.00, 0.00, 0.00, 0.00, 0.00, 0.00, 200.00, 0.00, 0.00, 0.00, 0.00, 0.00, 50.00, 0.00, 4041.67, 4241.67, 189.96, 5.25, 65.75, 4.24, 9.40, 0.00, 274.60, 647.50, 922.10, 3700.00, 2777.90),
(101, 8, '2025-07-01', '2025-07-31', 3150.00, 0.00, 0.00, 200.00, 0.00, 90.00, 0.00, 0.00, 0.00, 0.00, 0.00, 0.00, 0.00, 0.00, 0.00, 0.00, 0.00, 3965.00, 3965.00, 186.35, 5.15, 61.46, 3.97, 0.00, 0.00, 256.93, 602.00, 858.93, 3440.00, 2581.07),
(102, 8, '2025-08-01', '2025-08-31', 3150.00, 0.00, 0.00, 200.00, 0.00, 0.00, 0.00, 0.00, 0.00, 0.00, 0.00, 0.00, 0.00, 0.00, 0.00, 0.00, 0.00, 3875.00, 3875.00, 182.13, 5.04, 60.06, 3.88, 0.00, 0.00, 251.10, 586.25, 837.35, 3350.00, 2512.65),
(103, 8, '2025-09-01', '2025-09-30', 3150.00, 230.00, 0.00, 250.00, 0.00, 0.00, 0.00, 0.00, 0.00, 287.00, 0.00, 0.00, 0.00, 0.00, 0.00, 189.00, 327.00, 4382.33, 4669.33, 205.97, 5.70, 72.37, 4.67, 13.49, 0.00, 302.20, 718.55, 1020.75, 4433.00, 3412.25),
(104, 8, '2025-10-01', '2025-10-31', 3150.00, 210.00, 0.00, 200.00, 0.00, 0.00, 0.00, 0.00, 0.00, 75.00, 0.00, 0.00, 0.00, 0.00, 0.00, 154.00, 0.00, 4274.00, 4349.00, 200.88, 5.56, 67.41, 4.35, 3.52, 0.00, 281.72, 663.07, 944.79, 3789.00, 2844.21),
(105, 8, '2025-11-01', '2025-11-30', 3150.00, 0.00, 0.00, 200.00, 0.00, 0.00, 0.00, 0.00, 0.00, 0.00, 0.00, 0.00, 0.00, 0.00, 0.00, 0.00, 340.00, 3875.00, 3875.00, 182.13, 5.04, 60.06, 3.88, 0.00, 0.00, 251.10, 586.25, 837.35, 3690.00, 2852.65),
(106, 8, '2025-12-01', '2025-12-31', 3150.00, 0.00, 0.00, 200.00, 0.00, 0.00, 0.00, 0.00, 0.00, 150.00, 0.00, 0.00, 0.00, 0.00, 0.00, 0.00, 0.00, 3875.00, 4025.00, 182.13, 5.04, 62.39, 4.03, 7.05, 0.00, 260.63, 612.50, 873.13, 3500.00, 2626.88),
(107, 9, '2025-01-01', '2025-01-31', 1760.00, 50.00, 0.00, 0.00, 0.00, 0.00, 32.00, 0.00, 0.00, 0.00, 0.00, 0.00, 0.00, 0.00, 0.00, 0.00, 0.00, 2143.67, 2143.67, 100.75, 2.79, 33.23, 2.14, 0.00, 0.00, 138.91, 221.04, 359.95, 1842.00, 1482.05),
(110, 9, '2025-02-01', '2025-02-28', 1642.67, 46.67, 0.00, 0.00, 0.00, 0.00, 0.00, 0.00, 0.00, 0.00, 0.00, 0.00, 0.00, 0.00, 0.00, 0.00, 0.00, 1990.45, 1990.45, 93.55, 2.59, 30.85, 1.99, 0.00, 0.00, 128.98, 202.72, 331.70, 1689.34, 1357.64),
(111, 9, '2025-03-01', '2025-03-31', 1760.00, 0.00, 0.00, 0.00, 0.00, 75.00, 0.00, 0.00, 0.00, 100.00, 0.00, 0.00, 0.00, 0.00, 0.00, 0.00, 0.00, 2128.33, 2228.33, 100.03, 2.77, 34.54, 2.23, 4.70, 0.00, 144.27, 232.20, 376.47, 1935.00, 1558.53),
(112, 9, '2025-04-01', '2025-04-30', 1760.00, 0.00, 0.00, 0.00, 0.00, 0.00, 0.00, 0.00, 0.00, 50.00, 0.00, 0.00, 0.00, 0.00, 0.00, 0.00, 0.00, 2053.33, 2103.33, 96.51, 2.67, 32.60, 2.10, 2.35, 0.00, 136.23, 217.20, 353.43, 1810.00, 1456.57),
(113, 9, '2025-05-01', '2025-05-31', 1760.00, 0.00, 0.00, 0.00, 58.00, 0.00, 0.00, 0.00, 0.00, 0.00, 0.00, 0.00, 0.00, 0.00, 0.00, 50.00, 0.00, 2161.33, 2161.33, 101.58, 2.81, 33.50, 2.16, 0.00, 0.00, 140.05, 224.16, 364.21, 1868.00, 1503.79),
(114, 9, '2025-06-01', '2025-06-30', 1760.00, 75.00, 0.00, 0.00, 0.00, 0.00, 0.00, 0.00, 0.00, 50.00, 0.00, 0.00, 0.00, 0.00, 0.00, 50.00, 0.00, 2190.83, 2240.83, 102.97, 2.85, 34.73, 2.24, 2.35, 0.00, 145.14, 232.20, 377.34, 1935.00, 1557.66),
(115, 9, '2025-07-01', '2025-07-31', 1760.00, 0.00, 0.00, 0.00, 0.00, 0.00, 0.00, 0.00, 0.00, 25.00, 0.00, 0.00, 0.00, 0.00, 0.00, 0.00, 0.00, 2053.33, 2078.33, 96.51, 2.67, 32.21, 2.08, 1.18, 0.00, 134.64, 214.20, 348.84, 1785.00, 1436.16),
(116, 9, '2025-08-01', '2025-08-31', 1760.00, 0.00, 0.00, 0.00, 0.00, 0.00, 0.00, 0.00, 0.00, 0.00, 0.00, 0.00, 0.00, 0.00, 0.00, 0.00, 0.00, 2053.33, 2053.33, 96.51, 2.67, 31.83, 2.05, 0.00, 0.00, 133.06, 211.20, 344.26, 1760.00, 1415.74),
(117, 9, '2025-09-01', '2025-09-30', 1760.00, 0.00, 0.00, 0.00, 80.00, 0.00, 0.00, 0.00, 0.00, 65.00, 0.00, 0.00, 0.00, 0.00, 0.00, 50.00, 0.00, 2183.33, 2248.33, 102.62, 2.84, 34.85, 2.25, 3.06, 0.00, 145.61, 234.60, 380.21, 1955.00, 1574.79),
(118, 9, '2025-10-01', '2025-10-31', 1760.00, 0.00, 80.00, 0.00, 0.00, 0.00, 0.00, 0.00, 69.00, 0.00, 0.00, 0.00, 0.00, 0.00, 0.00, 0.00, 0.00, 2202.33, 2202.33, 103.51, 2.86, 34.14, 2.20, 0.00, 0.00, 142.71, 229.08, 371.79, 1909.00, 1537.21),
(119, 9, '2025-11-01', '2025-11-30', 1760.00, 0.00, 0.00, 0.00, 0.00, 90.00, 0.00, 0.00, 0.00, 0.00, 0.00, 0.00, 0.00, 0.00, 0.00, 0.00, 0.00, 2143.33, 2143.33, 100.74, 2.79, 33.22, 2.14, 0.00, 0.00, 138.89, 222.00, 360.89, 1850.00, 1489.11),
(120, 9, '2025-12-01', '2025-12-31', 1760.00, 70.00, 0.00, 0.00, 0.00, 0.00, 0.00, 0.00, 0.00, 0.00, 0.00, 0.00, 0.00, 0.00, 0.00, 0.00, 0.00, 2135.00, 2135.00, 100.34, 2.78, 33.09, 2.14, 0.00, 0.00, 138.35, 219.60, 357.95, 1830.00, 1472.05),
(121, 10, '2025-01-01', '2025-01-31', 1880.00, 60.00, 0.00, 0.00, 98.00, 0.00, 0.00, 0.00, 0.00, 0.00, 0.00, 0.00, 0.00, 0.00, 0.00, 0.00, 0.00, 2361.33, 2361.33, 110.98, 3.07, 36.60, 2.36, 0.00, 0.00, 153.01, 305.70, 458.71, 2038.00, 1579.29),
(122, 10, '2025-02-01', '2025-02-28', 1754.67, 46.67, 0.00, 0.00, 0.00, 0.00, 0.00, 0.00, 0.00, 0.00, 0.00, 0.00, 0.00, 0.00, 0.00, 0.00, 0.00, 2122.45, 2122.45, 99.76, 2.76, 32.90, 2.12, 0.00, 0.00, 137.53, 270.20, 407.74, 1801.34, 1393.60),
(123, 10, '2025-03-01', '2025-03-31', 1880.00, 0.00, 0.00, 0.00, 0.00, 0.00, 0.00, 69.00, 0.00, 98.00, 0.00, 0.00, 0.00, 0.00, 0.00, 28.00, 0.00, 2290.33, 2388.33, 107.65, 2.98, 37.02, 2.39, 4.61, 0.00, 154.64, 311.25, 465.89, 2075.00, 1609.11),
(124, 10, '2025-04-01', '2025-04-30', 1880.00, 0.00, 0.00, 0.00, 0.00, 0.00, 0.00, 0.00, 0.00, 75.00, 0.00, 0.00, 0.00, 0.00, 0.00, 100.00, 0.00, 2293.33, 2368.33, 107.79, 2.98, 36.71, 2.37, 3.52, 0.00, 153.37, 308.25, 461.62, 2055.00, 1593.38),
(125, 10, '2025-05-01', '2025-05-31', 1880.00, 100.00, 0.00, 0.00, 0.00, 0.00, 0.00, 0.00, 0.00, 75.00, 0.00, 0.00, 0.00, 0.00, 0.00, 0.00, 0.00, 2310.00, 2385.00, 108.57, 3.00, 36.97, 2.39, 3.52, 0.00, 154.45, 308.25, 462.70, 2055.00, 1592.30),
(126, 10, '2025-06-01', '2025-06-30', 1880.00, 0.00, 0.00, 0.00, 87.00, 0.00, 0.00, 0.00, 0.00, 75.00, 0.00, 0.00, 0.00, 0.00, 0.00, 56.00, 0.00, 2336.33, 2411.33, 109.81, 3.04, 37.38, 2.41, 3.52, 0.00, 156.16, 314.70, 470.86, 2098.00, 1627.14),
(127, 10, '2025-07-01', '2025-07-31', 1880.00, 0.00, 0.00, 0.00, 0.00, 100.00, 0.00, 0.00, 0.00, 0.00, 0.00, 0.00, 0.00, 0.00, 0.00, 0.00, 0.00, 2293.33, 2293.33, 107.79, 2.98, 35.55, 2.29, 0.00, 0.00, 148.61, 297.00, 445.61, 1980.00, 1534.39),
(128, 10, '2025-08-01', '2025-08-31', 1880.00, 0.00, 0.00, 0.00, 0.00, 0.00, 0.00, 0.00, 0.00, 0.00, 0.00, 0.00, 0.00, 0.00, 0.00, 0.00, 0.00, 2193.33, 2193.33, 103.09, 2.85, 34.00, 2.19, 0.00, 0.00, 142.13, 282.00, 424.13, 1880.00, 1455.87),
(129, 10, '2025-09-01', '2025-09-30', 1880.00, 0.00, 0.00, 0.00, 0.00, 98.00, 0.00, 0.00, 0.00, 150.00, 0.00, 0.00, 0.00, 0.00, 0.00, 158.00, 100.00, 2449.33, 2599.33, 115.12, 3.18, 40.29, 2.60, 7.05, 0.00, 168.24, 342.90, 511.14, 2386.00, 1874.86),
(130, 10, '2025-10-01', '2025-10-31', 1880.00, 45.00, 0.00, 0.00, 0.00, 0.00, 0.00, 0.00, 0.00, 0.00, 0.00, 0.00, 0.00, 0.00, 0.00, 120.00, 0.00, 2365.83, 2365.83, 111.19, 3.08, 36.67, 2.37, 0.00, 0.00, 153.31, 306.75, 460.06, 2045.00, 1584.94),
(131, 10, '2025-11-01', '2025-11-30', 1880.00, 0.00, 0.00, 0.00, 100.00, 0.00, 0.00, 0.00, 98.00, 0.00, 0.00, 0.00, 0.00, 0.00, 0.00, 75.00, 0.00, 2466.33, 2466.33, 115.92, 3.21, 38.23, 2.47, 0.00, 0.00, 159.82, 322.95, 482.77, 2153.00, 1670.23),
(132, 10, '2025-12-01', '2025-12-31', 1880.00, 0.00, 0.00, 0.00, 75.00, 0.00, 0.00, 0.00, 0.00, 0.00, 0.00, 0.00, 0.00, 0.00, 0.00, 52.00, 0.00, 2320.33, 2320.33, 109.06, 3.02, 35.97, 2.32, 0.00, 0.00, 150.36, 301.05, 451.41, 2007.00, 1555.59),
(133, 11, '2025-01-01', '2025-01-31', 3430.00, 250.00, 0.00, 175.00, 0.00, 50.00, 0.00, 0.00, 0.00, 0.00, 0.00, 0.00, 0.00, 0.00, 0.00, 0.00, 0.00, 4518.33, 4518.33, 212.36, 5.87, 70.03, 4.52, 0.00, 0.00, 292.79, 683.38, 976.16, 3905.00, 2928.84),
(134, 11, '2025-02-01', '2025-02-28', 3201.33, 74.67, 0.00, 163.33, 0.00, 0.00, 0.00, 0.00, 0.00, 230.00, 0.00, 125.00, 0.00, 0.00, 0.00, 119.47, 0.00, 4142.91, 4372.91, 194.72, 5.39, 67.78, 4.37, 10.81, 0.00, 283.07, 663.04, 946.11, 3913.80, 2967.69),
(135, 11, '2025-03-01', '2025-03-31', 3430.00, 152.00, 0.00, 175.00, 0.00, 0.00, 69.00, 0.00, 0.00, 0.00, 0.00, 420.00, 0.00, 0.00, 0.00, 230.00, 0.00, 4653.00, 4653.00, 218.69, 6.05, 72.12, 4.65, 0.00, 0.00, 301.51, 709.80, 1011.31, 4476.00, 3464.69),
(136, 11, '0000-00-00', '0000-00-00', 3430.00, 0.00, 0.00, 0.00, 0.00, 0.00, 0.00, 0.00, 0.00, 0.00, 0.00, 0.00, 0.00, 0.00, 0.00, 0.00, 0.00, 4001.67, 4001.67, 188.08, 5.20, 62.03, 4.00, 0.00, 0.00, 259.31, 600.25, 859.56, 3430.00, 2570.44),
(137, 11, '2025-04-01', '2025-04-30', 3430.00, 120.00, 0.00, 175.00, 0.00, 0.00, 200.00, 0.00, 0.00, 0.00, 0.00, 0.00, 0.00, 0.00, 0.00, 0.00, 0.00, 4516.67, 4516.67, 212.28, 5.87, 70.01, 4.52, 0.00, 0.00, 292.68, 686.88, 979.56, 3925.00, 2945.44),
(138, 11, '2025-05-01', '2025-05-31', 3430.00, 100.00, 0.00, 175.00, 0.00, 0.00, 0.00, 0.00, 0.00, 0.00, 0.00, 200.00, 0.00, 0.00, 0.00, 180.00, 0.00, 4473.33, 4473.33, 210.25, 5.82, 69.34, 4.47, 0.00, 0.00, 289.87, 679.88, 969.75, 4085.00, 3115.25),
(139, 11, '2025-06-01', '2025-06-30', 3430.00, 0.00, 0.00, 175.00, 0.00, 0.00, 0.00, 0.00, 0.00, 0.00, 0.00, 250.00, 0.00, 0.00, 0.00, 0.00, 300.00, 4176.67, 4176.67, 196.30, 5.43, 64.74, 4.18, 0.00, 0.00, 270.65, 630.88, 901.52, 4155.00, 3253.48),
(140, 11, '2025-07-01', '2025-07-31', 3430.00, 0.00, 0.00, 175.00, 0.00, 0.00, 0.00, 0.00, 0.00, 0.00, 0.00, 0.00, 0.00, 0.00, 0.00, 100.00, 324.00, 4276.67, 4276.67, 201.00, 5.56, 66.29, 4.28, 0.00, 0.00, 277.13, 648.38, 925.50, 4029.00, 3103.50),
(141, 11, '2025-08-01', '2025-08-31', 3430.00, 0.00, 0.00, 175.00, 0.00, 0.00, 0.00, 0.00, 0.00, 0.00, 0.00, 0.00, 0.00, 0.00, 0.00, 0.00, 0.00, 4176.67, 4176.67, 196.30, 5.43, 64.74, 4.18, 0.00, 0.00, 270.65, 630.88, 901.52, 3605.00, 2703.48),
(142, 11, '2025-09-01', '2025-09-30', 3430.00, 138.00, 0.00, 175.00, 0.00, 0.00, 0.00, 210.00, 0.00, 0.00, 0.00, 0.00, 0.00, 0.00, 210.00, 287.00, 0.00, 4834.67, 4834.67, 227.23, 6.29, 74.94, 4.83, 0.00, 0.00, 313.29, 778.75, 1092.04, 4450.00, 3357.96),
(143, 11, '2025-10-01', '2025-10-31', 3430.00, 210.00, 0.00, 175.00, 0.00, 0.00, 0.00, 0.00, 0.00, 287.00, 0.00, 0.00, 0.00, 0.00, 0.00, 128.00, 0.00, 4549.67, 4836.67, 213.83, 5.91, 74.97, 4.84, 13.49, 0.00, 313.04, 740.25, 1053.29, 4230.00, 3176.71),
(144, 11, '2025-11-01', '2025-11-30', 3430.00, 200.00, 0.00, 175.00, 0.00, 0.00, 0.00, 0.00, 0.00, 0.00, 0.00, 0.00, 0.00, 0.00, 0.00, 128.00, 300.00, 4538.00, 4538.00, 213.29, 5.90, 70.34, 4.54, 0.00, 0.00, 294.06, 688.27, 982.34, 4233.00, 3250.66),
(145, 11, '2025-12-01', '2025-12-31', 3430.00, 0.00, 0.00, 175.00, 0.00, 0.00, 0.00, 0.00, 0.00, 0.00, 0.00, 0.00, 0.00, 0.00, 0.00, 128.00, 0.00, 4304.67, 4304.67, 202.32, 5.60, 66.72, 4.30, 0.00, 0.00, 278.94, 653.27, 932.22, 3733.00, 2800.78),
(146, 170, '2025-01-01', '2025-01-31', 1345.56, 50.00, 0.00, 0.00, 0.00, 0.00, 0.00, 0.00, 0.00, 0.00, 0.00, 0.00, 0.00, 0.00, 0.00, 28.00, 0.00, 1656.15, 1656.15, 77.84, 2.15, 25.67, 1.66, 0.00, 0.00, 107.32, 170.83, 278.15, 1423.56, 1145.41),
(147, 170, '2025-02-01', '2025-02-28', 1255.86, 0.00, 0.00, 0.00, 0.00, 0.00, 0.00, 0.00, 0.00, 0.00, 0.00, 0.00, 0.00, 0.00, 0.00, 0.00, 0.00, 1480.12, 1480.12, 69.57, 1.92, 22.94, 1.48, 0.00, 0.00, 95.91, 150.70, 246.61, 1255.86, 1009.25),
(148, 170, '2025-03-01', '2025-03-31', 1345.56, 75.00, 0.00, 0.00, 0.00, 0.00, 0.00, 0.00, 0.00, 100.00, 0.00, 0.00, 0.00, 0.00, 0.00, 0.00, 0.00, 1657.32, 1757.32, 77.89, 2.15, 27.24, 1.76, 4.70, 0.00, 113.74, 182.47, 296.21, 1520.56, 1224.35),
(149, 170, '2025-04-01', '2025-04-30', 1345.56, 0.00, 0.00, 0.00, 0.00, 0.00, 0.00, 0.00, 0.00, 75.00, 0.00, 0.00, 0.00, 0.00, 0.00, 87.00, 0.00, 1656.82, 1731.82, 77.87, 2.15, 26.84, 1.73, 3.52, 0.00, 112.12, 180.91, 293.03, 1507.56, 1214.53),
(150, 170, '2025-05-01', '2025-05-31', 1345.56, 45.00, 0.00, 0.00, 0.00, 0.00, 0.00, 0.00, 50.00, 0.00, 0.00, 0.00, 0.00, 0.00, 0.00, 0.00, 0.00, 1672.32, 1672.32, 78.60, 2.17, 25.92, 1.67, 0.00, 0.00, 108.37, 172.87, 281.23, 1440.56, 1159.33),
(151, 170, '2025-06-01', '2025-06-30', 1345.56, 87.00, 0.00, 0.00, 0.00, 0.00, 0.00, 0.00, 0.00, 0.00, 0.00, 0.00, 0.00, 0.00, 0.00, 50.00, 0.00, 1721.32, 1721.32, 80.90, 2.24, 26.68, 1.72, 0.00, 0.00, 111.54, 177.91, 289.45, 1482.56, 1193.11),
(152, 170, '2025-07-01', '2025-07-31', 1345.56, 0.00, 0.00, 0.00, 0.00, 80.00, 0.00, 0.00, 0.00, 0.00, 0.00, 0.00, 0.00, 0.00, 0.00, 0.00, 0.00, 1649.82, 1649.82, 77.54, 2.14, 25.57, 1.65, 0.00, 0.00, 106.91, 171.07, 277.98, 1425.56, 1147.58),
(153, 170, '2025-08-01', '2025-08-31', 1345.56, 0.00, 0.00, 0.00, 0.00, 0.00, 0.00, 0.00, 0.00, 0.00, 0.00, 0.00, 0.00, 0.00, 0.00, 0.00, 0.00, 1569.82, 1569.82, 73.78, 2.04, 24.33, 1.57, 0.00, 0.00, 101.72, 161.47, 263.19, 1345.56, 1082.37),
(154, 170, '2025-09-01', '2025-09-30', 1345.56, 100.00, 0.00, 0.00, 0.00, 0.00, 0.00, 0.00, 0.00, 0.00, 0.00, 0.00, 0.00, 0.00, 0.00, 150.00, 0.00, 1836.49, 1836.49, 86.31, 2.39, 28.47, 1.84, 0.00, 0.00, 119.00, 191.47, 310.47, 1595.56, 1285.09),
(155, 170, '2025-10-01', '2025-10-31', 1345.56, 50.00, 0.00, 0.00, 0.00, 0.00, 0.00, 0.00, 62.00, 150.00, 0.00, 0.00, 0.00, 0.00, 0.00, 0.00, 0.00, 1690.15, 1840.15, 79.44, 2.20, 28.52, 1.84, 7.05, 0.00, 119.05, 192.91, 311.95, 1607.56, 1295.61),
(156, 170, '2025-11-01', '2025-11-30', 1345.56, 0.00, 0.00, 0.00, 0.00, 0.00, 0.00, 50.00, 90.00, 170.00, 0.00, 0.00, 0.00, 0.00, 0.00, 0.00, 0.00, 1709.82, 1879.82, 80.36, 2.22, 29.14, 1.88, 7.99, 0.00, 121.59, 198.67, 320.26, 1655.56, 1335.30),
(157, 170, '2025-12-01', '2025-12-31', 1345.56, 0.00, 0.00, 0.00, 0.00, 0.00, 0.00, 0.00, 0.00, 0.00, 0.00, 0.00, 0.00, 0.00, 0.00, 80.00, 0.00, 1649.82, 1649.82, 77.54, 2.14, 25.57, 1.65, 0.00, 0.00, 106.91, 171.07, 277.98, 1425.56, 1147.58),
(158, 12, '2025-01-01', '2025-01-31', 2750.00, 250.00, 0.00, 0.00, 320.00, 0.00, 0.00, 0.00, 0.00, 0.00, 0.00, 0.00, 0.00, 0.00, 0.00, 0.00, 0.00, 3820.00, 3820.00, 179.54, 4.97, 59.21, 3.82, 0.00, 0.00, 247.54, 581.00, 828.54, 3320.00, 2491.46),
(159, 12, '2025-02-01', '2025-02-28', 2566.67, 0.00, 0.00, 0.00, 0.00, 0.00, 0.00, 0.00, 0.00, 150.00, 0.00, 0.00, 0.00, 0.00, 0.00, 0.00, 0.00, 3025.00, 3175.00, 142.18, 3.93, 49.21, 3.18, 7.05, 0.00, 205.55, 475.42, 680.96, 2716.67, 2035.71),
(160, 12, '2025-03-01', '2025-03-31', 2750.00, 200.00, 0.00, 0.00, 120.00, 0.00, 0.00, 0.00, 0.00, 0.00, 0.00, 0.00, 0.00, 0.00, 0.00, 50.00, 0.00, 3611.67, 3611.67, 169.75, 4.70, 55.98, 3.61, 0.00, 0.00, 234.04, 546.00, 780.04, 3120.00, 2339.96),
(161, 12, '2025-04-01', '2025-04-30', 2750.00, 200.00, 120.00, 0.00, 184.00, 0.00, 0.00, 0.00, 0.00, 120.00, 0.00, 0.00, 0.00, 0.00, 0.00, 100.00, 0.00, 3845.67, 3965.67, 180.75, 5.00, 61.47, 3.97, 5.64, 0.00, 256.82, 607.95, 864.77, 3474.00, 2609.23),
(162, 12, '2025-05-01', '2025-05-31', 2750.00, 100.00, 120.00, 0.00, 0.00, 0.00, 0.00, 0.00, 0.00, 0.00, 0.00, 200.00, 0.00, 0.00, 0.00, 175.00, 0.00, 3620.00, 3620.00, 170.14, 4.71, 56.11, 3.62, 0.00, 0.00, 234.58, 550.38, 784.95, 3345.00, 2560.05),
(163, 12, '2025-06-01', '2025-06-30', 2750.00, 0.00, 145.00, 0.00, 0.00, 0.00, 0.00, 0.00, 50.00, 0.00, 0.00, 320.00, 0.00, 0.00, 0.00, 180.00, 0.00, 3583.33, 3583.33, 168.42, 4.66, 55.54, 3.58, 0.00, 0.00, 232.20, 546.88, 779.08, 3445.00, 2665.93),
(164, 12, '2025-07-01', '2025-07-31', 2750.00, 160.00, 0.00, 0.00, 0.00, 0.00, 0.00, 0.00, 0.00, 0.00, 0.00, 0.00, 0.00, 0.00, 0.00, 75.00, 320.00, 3470.00, 3470.00, 163.09, 4.51, 53.78, 3.47, 0.00, 0.00, 224.86, 522.38, 747.23, 3305.00, 2557.77),
(165, 12, '2025-08-01', '2025-08-31', 2750.00, 0.00, 0.00, 0.00, 0.00, 0.00, 0.00, 0.00, 0.00, 0.00, 0.00, 0.00, 0.00, 0.00, 0.00, 0.00, 0.00, 3208.33, 3208.33, 150.79, 4.17, 49.73, 3.21, 0.00, 0.00, 207.90, 481.25, 689.15, 2750.00, 2060.85),
(166, 12, '2025-09-01', '2025-09-30', 2750.00, 170.00, 150.00, 0.00, 0.00, 0.00, 0.00, 0.00, 0.00, 200.00, 0.00, 0.00, 0.00, 0.00, 0.00, 180.00, 0.00, 3736.67, 3936.67, 175.62, 4.86, 61.02, 3.94, 9.40, 0.00, 254.84, 603.75, 858.59, 3450.00, 2591.41),
(167, 12, '2025-10-01', '2025-10-31', 2750.00, 200.00, 0.00, 0.00, 0.00, 0.00, 0.00, 0.00, 0.00, 0.00, 0.00, 187.00, 0.00, 0.00, 0.00, 180.00, 0.00, 3621.67, 3621.67, 170.22, 4.71, 56.14, 3.62, 0.00, 0.00, 234.68, 547.75, 782.43, 3317.00, 2534.57),
(168, 12, '2025-11-01', '2025-11-30', 2750.00, 0.00, 187.00, 0.00, 0.00, 0.00, 0.00, 200.00, 0.00, 150.00, 0.00, 0.00, 0.00, 0.00, 0.00, 180.00, 0.00, 3775.33, 3925.33, 177.44, 4.91, 60.84, 3.93, 7.05, 0.00, 254.17, 606.72, 860.89, 3467.00, 2606.11),
(169, 12, '2025-12-01', '2025-12-31', 2750.00, 150.00, 0.00, 0.00, 75.00, 0.00, 0.00, 0.00, 0.00, 0.00, 0.00, 0.00, 0.00, 0.00, 0.00, 180.00, 170.00, 3638.33, 3638.33, 171.00, 4.73, 56.39, 3.64, 0.00, 0.00, 235.76, 552.13, 787.89, 3325.00, 2537.11);

--
-- Índices para tablas volcadas
--

--
-- Indices de la tabla `costes_trabajador`
--
ALTER TABLE `costes_trabajador`
  ADD PRIMARY KEY (`id_costo`),
  ADD KEY `fk_empleado_coste` (`id_empleado`);

--
-- Indices de la tabla `departamentos`
--
ALTER TABLE `departamentos`
  ADD PRIMARY KEY (`id_departamento`);

--
-- Indices de la tabla `empleados`
--
ALTER TABLE `empleados`
  ADD PRIMARY KEY (`id_empleado`),
  ADD UNIQUE KEY `dni` (`dni`),
  ADD UNIQUE KEY `num_seguridad_social` (`num_seguridad_social`),
  ADD KEY `fk_departamento_empleado` (`id_departamento`);

--
-- Indices de la tabla `nominas`
--
ALTER TABLE `nominas`
  ADD PRIMARY KEY (`id_nomina`),
  ADD KEY `fk_empleado_nomina` (`id_empleado`);

--
-- AUTO_INCREMENT de las tablas volcadas
--

--
-- AUTO_INCREMENT de la tabla `costes_trabajador`
--
ALTER TABLE `costes_trabajador`
  MODIFY `id_costo` int(11) NOT NULL AUTO_INCREMENT, AUTO_INCREMENT=170;

--
-- AUTO_INCREMENT de la tabla `departamentos`
--
ALTER TABLE `departamentos`
  MODIFY `id_departamento` int(11) NOT NULL AUTO_INCREMENT, AUTO_INCREMENT=9;

--
-- AUTO_INCREMENT de la tabla `empleados`
--
ALTER TABLE `empleados`
  MODIFY `id_empleado` int(11) NOT NULL AUTO_INCREMENT, AUTO_INCREMENT=237;

--
-- AUTO_INCREMENT de la tabla `nominas`
--
ALTER TABLE `nominas`
  MODIFY `id_nomina` int(11) NOT NULL AUTO_INCREMENT, AUTO_INCREMENT=170;

--
-- Restricciones para tablas volcadas
--

--
-- Filtros para la tabla `costes_trabajador`
--
ALTER TABLE `costes_trabajador`
  ADD CONSTRAINT `fk_empleado_coste` FOREIGN KEY (`id_empleado`) REFERENCES `empleados` (`id_empleado`) ON DELETE CASCADE;

--
-- Filtros para la tabla `empleados`
--
ALTER TABLE `empleados`
  ADD CONSTRAINT `fk_departamento_empleado` FOREIGN KEY (`id_departamento`) REFERENCES `departamentos` (`id_departamento`) ON DELETE CASCADE;

--
-- Filtros para la tabla `nominas`
--
ALTER TABLE `nominas`
  ADD CONSTRAINT `fk_empleado_nomina` FOREIGN KEY (`id_empleado`) REFERENCES `empleados` (`id_empleado`) ON DELETE CASCADE;
COMMIT;

/*!40101 SET CHARACTER_SET_CLIENT=@OLD_CHARACTER_SET_CLIENT */;
/*!40101 SET CHARACTER_SET_RESULTS=@OLD_CHARACTER_SET_RESULTS */;
/*!40101 SET COLLATION_CONNECTION=@OLD_COLLATION_CONNECTION */;
